District #,CARES ESSER I 20,CRRSA ESSER II 21,ARP ESSER III 21,ESSER-SUPP 22,ESSER-SUPP 23
57816,504727.0,1716028.0,3855200.0,0.0,0.0
57829,486940.0,2191417.0,4923202.0,0.0,0.0
101871,43143.0,200027.0,449378.0,0.0,0.0
109901,24677.0,89211.0,200420.0,0.0,0.0
95901,148782.0,547022.0,1228930.0,0.0,0.0
221901,3970117.0,18732848.0,42084907.0,0.0,0.0
57814,319147.0,1353483.0,3040713.0,0.0,0.0
14901,87745.0,365709.0,821596.0,270526.0,270527.0
101810,308141.0,1420655.0,3191620.0,0.0,0.0
57810,180574.0,650831.0,1462146.0,0.0,0.0
101849,187211.0,711387.0,1598189.0,0.0,0.0
180903,11258.0,61882.0,139023.0,0.0,0.0
57806,396824.0,1437759.0,3230046.0,0.0,0.0
178901,87504.0,381293.0,856607.0,0.0,0.0
15901,307326.0,1344228.0,3019920.0,42434.0,42434.0
250906,226171.0,935803.0,2102359.0,0.0,0.0
209901,76315.0,336870.0,756806.0,0.0,0.0
101902,24380064.0,105000820.0,235893107.0,0.0,0.0
184907,235781.0,977867.0,2196860.0,899930.0,899929.0
125901,1685876.0,7662735.0,17214975.0,0.0,0.0
101903,17137807.0,75025108.0,168550167.0,0.0,0.0
101815,54498.0,257977.0,579566.0,0.0,0.0
43901,404265.0,3837264.0,8620733.0,1150976.0,1150975.0
22901,162989.0,741509.0,1665862.0,0.0,0.0
37901,191131.0,848282.0,1905737.0,0.0,0.0
126901,476009.0,2159203.0,4850831.0,0.0,0.0
20901,2234679.0,9468386.0,21271519.0,83101.0,83101.0
249901,57455.0,232937.0,523311.0,0.0,0.0
188901,7337273.0,32375036.0,72733222.0,0.0,0.0
84804,79315.0,285526.0,641459.0,0.0,0.0
140901,63914.0,230083.0,516901.0,0.0,0.0
101819,234332.0,1035522.0,2326388.0,0.0,0.0
36901,198612.0,827108.0,1858167.0,0.0,0.0
93901,63846.0,275950.0,619945.0,0.0,0.0
2901,457016.0,1926397.0,4327812.0,0.0,0.0
20902,887219.0,4138615.0,9297743.0,0.0,0.0
43902,191585.0,751242.0,1687729.0,1071606.0,1071605.0
127901,141993.0,645351.0,1449835.0,0.0,0.0
71906,194653.0,823119.0,1849204.0,0.0,0.0
110901,71831.0,460283.0,1034064.0,0.0,0.0
228905,77228.0,360132.0,809067.0,0.0,0.0
109912,30846.0,134015.0,301077.0,0.0,0.0
4901,816698.0,3733925.0,8388575.0,0.0,0.0
205901,535522.0,2156494.0,4844743.0,0.0,0.0
5901,74077.0,349851.0,785969.0,0.0,0.0
61910,38769.0,168896.0,379439.0,1131300.0,1131300.0
101803,51545.0,245971.0,552595.0,154106.0,154107.0
220802,91309.0,382586.0,859512.0,0.0,0.0
220901,15005203.0,59962913.0,134711689.0,0.0,0.0
212901,163129.0,649698.0,1459602.0,0.0,0.0
21805,227989.0,1038212.0,2332430.0,0.0,0.0
217901,36053.0,142756.0,320714.0,0.0,0.0
107901,784112.0,3724462.0,8367316.0,0.0,0.0
34901,504622.0,2684800.0,6031628.0,0.0,0.0
61907,101963.0,464607.0,1043778.0,533390.0,533390.0
227825,554221.0,2457240.0,5520394.0,0.0,0.0
227821,34710.0,118010.0,265120.0,77373.0,77373.0
227901,17285229.0,69277786.0,155638330.0,0.0,0.0
196901,77996.0,296493.0,666096.0,0.0,0.0
70901,21861.0,105290.0,236542.0,54462.0,54463.0
194902,69908.0,304014.0,682993.0,0.0,0.0
34902,49039.0,229572.0,515752.0,0.0,0.0
161918,289528.0,1218689.0,2737887.0,0.0,0.0
220915,919783.0,3685435.0,8279638.0,0.0,0.0
30903,78227.0,314199.0,705873.0,0.0,0.0
200901,206441.0,790233.0,1775324.0,0.0,0.0
195902,54028.0,194494.0,436947.0,0.0,0.0
10902,399794.0,1869781.0,4200619.0,0.0,0.0
25901,156536.0,652739.0,1466433.0,0.0,0.0
178913,177926.0,701603.0,1576210.0,0.0,0.0
36902,233779.0,890905.0,2001492.0,879200.0,879200.0
14902,71616.0,322796.0,725188.0,0.0,0.0
11901,1519423.0,6810574.0,15300523.0,0.0,0.0
158901,1037681.0,4695707.0,10549298.0,0.0,0.0
101847,161573.0,721003.0,1619794.0,0.0,0.0
123910,6071436.0,25428686.0,57127666.0,0.0,0.0
183901,75747.0,369274.0,829606.0,0.0,0.0
13901,1038062.0,4536678.0,10192026.0,0.0,0.0
39904,19064.0,80607.0,181091.0,0.0,0.0
91901,67352.0,270791.0,608354.0,0.0,0.0
8901,424372.0,1708587.0,3838483.0,0.0,0.0
14903,1171977.0,4950005.0,11120599.0,0.0,0.0
125902,107298.0,489142.0,1098899.0,0.0,0.0
66901,150936.0,573542.0,1288510.0,0.0,0.0
101870,141940.0,847674.0,1904371.0,0.0,0.0
152806,51473.0,190013.0,426881.0,0.0,0.0
15809,132159.0,548124.0,1231407.0,0.0,0.0
230901,184167.0,697286.0,1566511.0,0.0,0.0
187901,102194.0,431581.0,969582.0,0.0,0.0
114901,907457.0,4283433.0,9623089.0,0.0,0.0
193801,108254.0,439002.0,986254.0,0.0,0.0
220902,3966673.0,17368305.0,39019347.0,0.0,0.0
178902,220386.0,1155691.0,2596357.0,0.0,0.0
16902,142783.0,653153.0,1467363.0,0.0,0.0
116915,123958.0,604617.0,1358322.0,0.0,0.0
25904,42250.0,152099.0,341703.0,0.0,0.0
101875,17112.0,323307.0,726336.0,0.0,0.0
34909,49027.0,335303.0,753285.0,0.0,0.0
175902,144860.0,594509.0,1335614.0,0.0,0.0
235901,265776.0,1030607.0,2315345.0,0.0,0.0
43917,60047.0,294745.0,662170.0,0.0,0.0
72904,17699.0,82355.0,185017.0,12632.0,12633.0
109913,40097.0,165625.0,372090.0,0.0,0.0
123807,379310.0,2150386.0,4831021.0,0.0,0.0
130901,437941.0,1846973.0,4149379.0,813729.0,813729.0
116916,108480.0,482042.0,1082948.0,0.0,0.0
241901,145606.0,549728.0,1235010.0,0.0,0.0
74903,341178.0,1428858.0,3210048.0,0.0,0.0
148901,33881.0,140003.0,314529.0,0.0,0.0
17901,14027.0,55834.0,125436.0,0.0,0.0
117901,395252.0,1709001.0,3839414.0,0.0,0.0
161923,52283.0,238249.0,535247.0,0.0,0.0
185901,93836.0,338433.0,760319.0,0.0,0.0
169901,276381.0,1151762.0,2587529.0,0.0,0.0
249902,121772.0,457105.0,1026925.0,22114.0,22114.0
180901,367483.0,1640754.0,3686091.0,0.0,0.0
136901,121792.0,536236.0,1204698.0,0.0,0.0
160901,295801.0,1179846.0,2650623.0,0.0,0.0
8903,106697.0,400800.0,900431.0,0.0,0.0
213801,46444.0,191988.0,431317.0,0.0,0.0
21803,134384.0,552752.0,1241803.0,0.0,0.0
20905,2040576.0,9415415.0,21152516.0,0.0,0.0
215901,362928.0,1674321.0,3761502.0,0.0,0.0
198901,112002.0,474290.0,1065532.0,0.0,0.0
239901,809086.0,3414277.0,7670458.0,0.0,0.0
181901,216244.0,898283.0,2018067.0,4558.0,4559.0
249903,421663.0,1598933.0,3592137.0,0.0,0.0
203902,141984.0,629550.0,1414336.0,0.0,0.0
184909,47231.0,176919.0,397462.0,417674.0,417673.0
41901,47022.0,195994.0,440318.0,0.0,0.0
121902,80452.0,418823.0,940922.0,0.0,0.0
25908,26251.0,123978.0,278527.0,0.0,0.0
15830,693425.0,3795877.0,8527756.0,0.0,0.0
24901,807899.0,3656282.0,8214143.0,0.0,0.0
223901,493085.0,2317333.0,5206083.0,0.0,0.0
107902,580437.0,2534759.0,5694549.0,0.0,0.0
31901,19998459.0,82530144.0,185410858.0,0.0,0.0
25902,831822.0,3066992.0,6890254.0,0.0,0.0
161919,111510.0,519268.0,1166579.0,0.0,0.0
21902,4240566.0,18737098.0,42094455.0,0.0,0.0
119901,74018.0,301495.0,677333.0,0.0,0.0
166907,66035.0,254241.0,571174.0,0.0,0.0
186901,53244.0,242817.0,545509.0,0.0,0.0
145901,216798.0,953321.0,2141716.0,0.0,0.0
212902,260570.0,1139773.0,2560595.0,0.0,0.0
121903,220460.0,1131363.0,2541701.0,0.0,0.0
243901,456447.0,1835004.0,4122490.0,0.0,0.0
176901,67809.0,327163.0,734999.0,0.0,0.0
126902,876346.0,3799610.0,8536141.0,499668.0,499668.0
27903,494914.0,2202534.0,4948177.0,0.0,0.0
71801,215592.0,1037567.0,2330982.0,0.0,0.0
239903,54272.0,242326.0,544405.0,0.0,0.0
188904,82338.0,362942.0,815380.0,27677.0,27677.0
109902,39549.0,134460.0,302075.0,0.0,0.0
116901,182994.0,710932.0,1597169.0,0.0,0.0
178903,514323.0,1777472.0,3993240.0,0.0,0.0
26901,359419.0,1543828.0,3468337.0,0.0,0.0
29901,804256.0,3343928.0,7512413.0,0.0,0.0
49905,122356.0,711126.0,1597604.0,0.0,0.0
198902,135376.0,554135.0,1244911.0,0.0,0.0
166901,447441.0,2346196.0,5270926.0,0.0,0.0
116910,69718.0,337094.0,757309.0,0.0,0.0
106901,97611.0,415355.0,933130.0,0.0,0.0
234902,163424.0,689902.0,1549922.0,0.0,0.0
71907,1392279.0,5606373.0,12595184.0,0.0,0.0
191901,636421.0,2853592.0,6410834.0,388832.0,388832.0
201913,127586.0,473465.0,1063678.0,0.0,0.0
64903,940485.0,3974714.0,8929527.0,0.0,0.0
220919,125737.0,480431.0,1079329.0,1387478.0,1387478.0
57903,4103489.0,17001794.0,38195949.0,0.0,0.0
183902,435356.0,2030855.0,4562485.0,0.0,0.0
220917,956267.0,3566105.0,8011553.0,0.0,0.0
1902,91765.0,423034.0,950380.0,0.0,0.0
57904,1264255.0,5418575.0,12173280.0,0.0,0.0
227817,138785.0,596838.0,1340846.0,0.0,0.0
116902,121046.0,411546.0,924572.0,0.0,0.0
43903,139166.0,485898.0,1091610.0,481454.0,481454.0
210901,644749.0,2795229.0,6279715.0,0.0,0.0
133901,228401.0,823316.0,1849647.0,0.0,0.0
228904,28762.0,151828.0,341095.0,0.0,0.0
145902,116454.0,738295.0,1658641.0,0.0,0.0
174908,177129.0,754908.0,1695964.0,0.0,0.0
3907,267206.0,1161308.0,2608976.0,0.0,0.0
101905,1781921.0,7940724.0,17839499.0,0.0,0.0
103901,39562.0,168732.0,379071.0,0.0,0.0
220815,116912.0,532998.0,1197424.0,0.0,0.0
212909,683676.0,3031791.0,6811171.0,0.0,0.0
225906,150073.0,704323.0,1582320.0,0.0,0.0
7901,155848.0,656027.0,1473819.0,0.0,0.0
206903,68218.0,259220.0,582359.0,0.0,0.0
229906,46815.0,170035.0,381999.0,0.0,0.0
249904,101606.0,429105.0,964020.0,0.0,0.0
38901,239069.0,994186.0,2233523.0,0.0,0.0
99902,62226.0,270146.0,606906.0,0.0,0.0
73901,151935.0,630572.0,1416633.0,0.0,0.0
161920,151191.0,668026.0,1500776.0,163108.0,163109.0
174901,113403.0,489139.0,1098892.0,0.0,0.0
139905,290001.0,1224269.0,2750423.0,0.0,0.0
226901,48261.0,191724.0,430724.0,0.0,0.0
67902,181977.0,815550.0,1832202.0,0.0,0.0
243906,182862.0,781108.0,1754823.0,0.0,0.0
57841,228700.0,1193452.0,2681190.0,0.0,0.0
65901,128495.0,484702.0,1088923.0,0.0,0.0
194904,278913.0,1069116.0,2401859.0,0.0,0.0
6902,37063.0,160315.0,360162.0,0.0,0.0
84910,3530336.0,16259299.0,36527873.0,0.0,0.0
126903,1202720.0,5188966.0,11657445.0,0.0,0.0
146901,1124679.0,5199247.0,11680543.0,0.0,0.0
18901,191210.0,908691.0,2041450.0,0.0,0.0
71901,3750580.0,15637100.0,35130051.0,0.0,0.0
30902,251126.0,1075235.0,2415604.0,0.0,0.0
114902,96740.0,476856.0,1071297.0,0.0,0.0
204901,316012.0,1742241.0,3914090.0,0.0,0.0
42901,251162.0,1130314.0,2539344.0,0.0,0.0
21901,1417900.0,5738206.0,12891359.0,0.0,0.0
91902,47905.0,199570.0,448350.0,0.0,0.0
229901,69544.0,325499.0,731261.0,0.0,0.0
168901,197780.0,882655.0,1982958.0,0.0,0.0
20907,389120.0,1654804.0,3717656.0,0.0,0.0
45902,264491.0,1157780.0,2601049.0,0.0,0.0
46902,1659894.0,6873101.0,15440995.0,199462.0,199462.0
47901,271714.0,1144939.0,2572200.0,0.0,0.0
130902,285201.0,1157078.0,2599472.0,0.0,0.0
116903,443268.0,1763135.0,3961029.0,0.0,0.0
43918,168933.0,624939.0,1403977.0,643944.0,643944.0
112908,201500.0,759151.0,1705497.0,0.0,0.0
68802,21728.0,88737.0,199354.0,484882.0,484881.0
15838,478702.0,3202598.0,7194904.0,0.0,0.0
101842,13979.0,50324.0,113058.0,0.0,0.0
233903,34485.0,163911.0,368239.0,0.0,0.0
161921,715468.0,3307751.0,7431138.0,0.0,0.0
170902,6515711.0,28811173.0,64726706.0,0.0,0.0
147901,101562.0,458038.0,1029020.0,0.0,0.0
60902,184881.0,787008.0,1768080.0,0.0,0.0
57922,245887.0,850247.0,1910151.0,2682480.0,2682480.0
50910,1054000.0,4417749.0,9924842.0,0.0,0.0
178904,10414637.0,41568103.0,93386215.0,0.0,0.0
187904,354693.0,1336536.0,3002640.0,0.0,0.0
175903,1293598.0,5695367.0,12795116.0,0.0,0.0
95902,36374.0,146165.0,328371.0,0.0,0.0
142901,381228.0,1680546.0,3775487.0,0.0,0.0
246914,16666.0,115905.0,260391.0,0.0,0.0
109903,42018.0,149580.0,336043.0,0.0,0.0
129901,232025.0,1058922.0,2378957.0,1174685.0,1174685.0
52901,113114.0,477247.0,1072176.0,17902.0,17902.0
18908,24946.0,131068.0,294456.0,0.0,0.0
161901,43522.0,199122.0,447344.0,0.0,0.0
53001,154238.0,696949.0,1565753.0,0.0,0.0
113901,547732.0,2687072.0,6036732.0,0.0,0.0
101906,782765.0,3453581.0,7758759.0,0.0,0.0
54901,190830.0,856158.0,1923430.0,0.0,0.0
30901,70522.0,310035.0,696520.0,0.0,0.0
107904,93921.0,484505.0,1088480.0,0.0,0.0
184801,13692.0,58614.0,131682.0,33742.0,33741.0
78901,51160.0,234667.0,527200.0,0.0,0.0
220912,2674788.0,11145858.0,25040100.0,0.0,0.0
254901,1000925.0,4128590.0,9275223.0,0.0,0.0
62901,434616.0,1851223.0,4158927.0,0.0,0.0
55901,161719.0,614517.0,1380564.0,0.0,0.0
212801,208470.0,1197802.0,2690963.0,0.0,0.0
112905,74450.0,258024.0,579671.0,0.0,0.0
174902,121424.0,533506.0,1198565.0,0.0,0.0
101907,17688847.0,84261496.0,189300484.0,0.0,0.0
172902,367231.0,1727432.0,3880821.0,0.0,0.0
56901,204412.0,840240.0,1887669.0,0.0,0.0
57905,61983103.0,241732386.0,543071990.0,0.0,0.0
20910,74017.0,284511.0,639177.0,0.0,0.0
20904,40931.0,193772.0,435326.0,76138.0,76139.0
148905,23633.0,108775.0,244372.0,0.0,0.0
175904,124192.0,535166.0,1202296.0,0.0,0.0
58902,24757.0,142957.0,321165.0,0.0,0.0
146902,706040.0,3286867.0,7384222.0,0.0,0.0
47902,140281.0,587415.0,1319678.0,0.0,0.0
249905,258764.0,1133317.0,2546092.0,128676.0,128677.0
101908,1532198.0,7301039.0,16402395.0,0.0,0.0
19901,204315.0,897340.0,2015950.0,0.0,0.0
227910,2999501.0,10924365.0,24542499.0,0.0,0.0
115903,32800.0,118074.0,265263.0,0.0,0.0
91903,927767.0,3682024.0,8271974.0,0.0,0.0
61901,2668777.0,10112494.0,22718562.0,0.0,0.0
251901,191883.0,885809.0,1990044.0,0.0,0.0
57906,1709531.0,7109980.0,15973164.0,0.0,0.0
194905,103494.0,448602.0,1007821.0,0.0,0.0
146903,28509.0,107712.0,241985.0,0.0,0.0
163901,293335.0,1193499.0,2681295.0,0.0,0.0
81906,25661.0,122545.0,275307.0,0.0,0.0
176903,94891.0,461469.0,1036729.0,0.0,0.0
163902,46363.0,216798.0,487054.0,0.0,0.0
3905,441097.0,1952022.0,4385381.0,0.0,0.0
84901,1937167.0,8050972.0,18087181.0,0.0,0.0
82902,408611.0,1627525.0,3656372.0,0.0,0.0
144903,24322.0,95720.0,215043.0,0.0,0.0
35901,253588.0,1031997.0,2318468.0,0.0,0.0
74904,35104.0,139609.0,313643.0,0.0,0.0
108902,8387618.0,33685275.0,75676784.0,0.0,0.0
178801,89020.0,369515.0,830146.0,0.0,0.0
101856,250430.0,1203142.0,2702959.0,0.0,0.0
105904,246592.0,1079812.0,2425888.0,1303802.0,1303803.0
178905,94455.0,424935.0,954651.0,0.0,0.0
72902,355263.0,1535842.0,3450397.0,0.0,0.0
171901,651415.0,2619537.0,5885008.0,0.0,0.0
57907,2733643.0,11091724.0,24918485.0,0.0,0.0
220918,1448350.0,5879583.0,13208973.0,2351676.0,2351677.0
159901,4823885.0,20617391.0,46318691.0,0.0,0.0
227909,119266.0,527291.0,1184603.0,1304926.0,1304927.0
25909,207623.0,887503.0,1993850.0,0.0,0.0
241902,119570.0,493593.0,1108898.0,0.0,0.0
15911,1516967.0,6718690.0,15094097.0,0.0,0.0
36903,113787.0,384367.0,863513.0,153468.0,153468.0
220811,106973.0,385092.0,865142.0,0.0,0.0
67903,273127.0,1221509.0,2744223.0,0.0,0.0
68901,5623412.0,24897830.0,55935054.0,0.0,0.0
74905,48462.0,196927.0,442412.0,0.0,0.0
108903,3031505.0,12135751.0,27263977.0,0.0,0.0
48901,49818.0,197024.0,442630.0,0.0,0.0
15905,5154239.0,21096884.0,47395911.0,0.0,0.0
234903,104297.0,495160.0,1112419.0,0.0,0.0
108904,13130897.0,56593857.0,127142826.0,0.0,0.0
120901,280244.0,1180895.0,2652980.0,0.0,0.0
57833,83905.0,341377.0,766932.0,0.0,0.0
123805,139784.0,715754.0,1608001.0,0.0,0.0
241903,825491.0,3655533.0,8212461.0,0.0,0.0
71804,88353.0,388664.0,873167.0,0.0,0.0
71902,19977158.0,84894928.0,190723543.0,0.0,0.0
71810,82975.0,397900.0,893915.0,0.0,0.0
243902,101081.0,436108.0,979754.0,0.0,0.0
11902,772275.0,3157389.0,7093339.0,0.0,0.0
1903,192219.0,833717.0,1873016.0,0.0,0.0
102906,162743.0,733009.0,1646765.0,0.0,0.0
70903,1098537.0,5133205.0,11532174.0,0.0,0.0
49906,53941.0,238286.0,535330.0,0.0,0.0
72802,44218.0,174830.0,392771.0,0.0,0.0
101872,32300.0,492915.0,1107374.0,0.0,0.0
174910,69412.0,249877.0,561370.0,0.0,0.0
30906,92938.0,397238.0,892429.0,0.0,0.0
107905,403791.0,1731111.0,3889086.0,0.0,0.0
121906,45851.0,222953.0,500882.0,0.0,0.0
50901,42977.0,182378.0,409728.0,0.0,0.0
220904,1594591.0,5740381.0,12896246.0,0.0,0.0
57834,146428.0,606327.0,1362165.0,0.0,0.0
101811,230085.0,874302.0,1964191.0,0.0,0.0
108809,98082.0,515035.0,1157068.0,0.0,0.0
210906,30923.0,111321.0,250092.0,0.0,0.0
143906,15676.0,70466.0,158308.0,0.0,0.0
71903,1378345.0,5537337.0,12440089.0,0.0,0.0
81902,299964.0,1081366.0,2429379.0,0.0,0.0
128904,34302.0,154986.0,348189.0,0.0,0.0
60914,56696.0,229699.0,516038.0,0.0,0.0
43904,134101.0,620077.0,1393055.0,0.0,0.0
185902,63254.0,268910.0,604128.0,0.0,0.0
75906,16523.0,88359.0,198506.0,0.0,0.0
70905,352199.0,1699635.0,3818373.0,0.0,0.0
75901,86176.0,404071.0,907780.0,0.0,0.0
246902,89212.0,432209.0,970993.0,127916.0,127917.0
247901,492100.0,2335363.0,5246589.0,0.0,0.0
178914,804753.0,2896846.0,6508007.0,0.0,0.0
77901,277815.0,1062013.0,2385900.0,0.0,0.0
148902,18674.0,88900.0,199722.0,0.0,0.0
169910,23949.0,113449.0,254873.0,0.0,0.0
129902,446097.0,2035312.0,4572499.0,3244157.0,3244157.0
114904,54287.0,236301.0,530871.0,0.0,0.0
79907,9001382.0,42170127.0,94738712.0,0.0,0.0
186902,498288.0,2206601.0,4957313.0,0.0,0.0
220809,7778.0,34008.0,76403.0,147346.0,147345.0
220905,29311626.0,116461384.0,261640223.0,0.0,0.0
198903,156967.0,606053.0,1361550.0,0.0,0.0
1904,154738.0,754484.0,1695010.0,0.0,0.0
86901,465852.0,1924636.0,4323856.0,0.0,0.0
66903,216362.0,873302.0,1961947.0,0.0,0.0
152907,1014149.0,4220538.0,9481791.0,0.0,0.0
84911,145174.0,1281153.0,2878217.0,0.0,0.0
185903,175309.0,812333.0,1824973.0,0.0,0.0
43905,599164.0,2717058.0,6104097.0,18029070.0,18029070.0
175905,88335.0,332596.0,747205.0,0.0,0.0
234909,76645.0,403319.0,906091.0,0.0,0.0
122901,38745.0,174032.0,390977.0,0.0,0.0
115901,179516.0,662399.0,1488134.0,0.0,0.0
49901,709888.0,3738994.0,8399962.0,0.0,0.0
101910,5704357.0,26737866.0,60068849.0,0.0,0.0
84902,1741096.0,6989223.0,15701874.0,0.0,0.0
120902,83456.0,376742.0,846383.0,0.0,0.0
57909,12417459.0,49326903.0,110817007.0,0.0,0.0
184911,23617.0,96495.0,216785.0,0.0,0.0
174903,133283.0,576880.0,1296009.0,0.0,0.0
183904,61534.0,386192.0,867612.0,0.0,0.0
50902,444277.0,1698486.0,3815791.0,0.0,0.0
57831,229036.0,956122.0,2148007.0,0.0,0.0
166902,40520.0,202012.0,453837.0,0.0,0.0
15802,279926.0,1225015.0,2752097.0,0.0,0.0
101804,343930.0,1749722.0,3930898.0,0.0,0.0
149901,215132.0,960048.0,2156827.0,0.0,0.0
246904,917471.0,3671659.0,8248688.0,2469372.0,2469373.0
161925,49669.0,263029.0,590916.0,0.0,0.0
144901,288538.0,1242146.0,2790584.0,0.0,0.0
230902,505968.0,2210062.0,4965089.0,0.0,0.0
92901,402027.0,1880567.0,4224851.0,0.0,0.0
87901,20961.0,100495.0,225770.0,0.0,0.0
213901,187591.0,777044.0,1745695.0,0.0,0.0
126911,187610.0,870422.0,1955476.0,294230.0,294231.0
169906,25108.0,128108.0,287805.0,0.0,0.0
57835,488004.0,2092139.0,4700165.0,0.0,0.0
167901,187799.0,663565.0,1490754.0,0.0,0.0
88902,231922.0,1006048.0,2260171.0,0.0,0.0
89901,640105.0,2770316.0,6223745.0,0.0,0.0
187903,108110.0,389189.0,874345.0,0.0,0.0
246802,10338.0,55644.0,125008.0,143388.0,143389.0
101911,4521680.0,20648312.0,46388157.0,0.0,0.0
182901,27457.0,133451.0,299808.0,0.0,0.0
67904,55480.0,209052.0,469654.0,0.0,0.0
156905,54146.0,227657.0,511451.0,0.0,0.0
182902,51131.0,225666.0,506977.0,0.0,0.0
252901,396059.0,1680306.0,3774947.0,0.0,0.0
111901,1095860.0,4680925.0,10516088.0,0.0,0.0
57910,5834590.0,23661010.0,53156435.0,0.0,0.0
234904,301226.0,1124700.0,2526733.0,0.0,0.0
238904,31093.0,108905.0,244664.0,0.0,0.0
126904,133361.0,567832.0,1275681.0,0.0,0.0
246905,52719.0,198049.0,444934.0,0.0,0.0
226907,278817.0,1309484.0,2941866.0,0.0,0.0
113902,145143.0,751580.0,1688487.0,0.0,0.0
220906,1188846.0,4067788.0,9138625.0,0.0,0.0
15835,198148.0,1132292.0,2543788.0,1233376.0,1233376.0
116905,1298331.0,5405593.0,12144117.0,0.0,0.0
165902,176448.0,1258051.0,2826316.0,0.0,0.0
205902,545376.0,2271420.0,5102934.0,0.0,0.0
147902,361723.0,1670318.0,3752509.0,0.0,0.0
33901,17777.0,93227.0,209443.0,0.0,0.0
228901,237717.0,971789.0,2183206.0,0.0,0.0
98901,31259.0,114572.0,257396.0,0.0,0.0
91917,48147.0,193478.0,434665.0,129621.0,129621.0
47903,49483.0,208053.0,467409.0,0.0,0.0
95903,129280.0,627685.0,1410148.0,0.0,0.0
143901,149402.0,681515.0,1531080.0,0.0,0.0
161924,26484.0,103997.0,233637.0,0.0,0.0
102904,657599.0,4093610.0,9196636.0,6053676.0,6053675.0
97902,142983.0,702632.0,1578522.0,0.0,0.0
127903,141876.0,591970.0,1329909.0,0.0,0.0
123914,150401.0,632019.0,1419884.0,0.0,0.0
219901,38091.0,153967.0,345899.0,0.0,0.0
146904,248412.0,1317834.0,2960625.0,0.0,0.0
100905,187095.0,740948.0,1664601.0,0.0,0.0
15904,3993370.0,17240598.0,38732442.0,0.0,0.0
102905,83983.0,440262.0,989084.0,0.0,0.0
31903,6992788.0,29255551.0,65725039.0,0.0,0.0
230905,130484.0,668166.0,1501091.0,0.0,0.0
101858,1114329.0,5611699.0,12607150.0,0.0,0.0
101862,698377.0,3354687.0,7536584.0,0.0,0.0
71806,976851.0,4547908.0,10217256.0,0.0,0.0
15828,1388847.0,6557773.0,14732584.0,0.0,0.0
161807,2131984.0,8704132.0,19554559.0,0.0,0.0
101846,1277568.0,5872676.0,13193457.0,0.0,0.0
227816,884315.0,3852584.0,8655151.0,0.0,0.0
86902,58821.0,235255.0,528521.0,0.0,0.0
35902,102856.0,399758.0,898089.0,0.0,0.0
103902,19408.0,85465.0,192005.0,0.0,0.0
225907,126861.0,556394.0,1249986.0,0.0,0.0
104901,169170.0,711600.0,1598670.0,0.0,0.0
250902,206312.0,858751.0,1929255.0,0.0,0.0
127904,119129.0,480522.0,1079532.0,0.0,0.0
105906,1838927.0,7749327.0,17409510.0,0.0,0.0
198905,381114.0,1448198.0,3253497.0,0.0,0.0
65902,35939.0,158080.0,355140.0,0.0,0.0
202903,294717.0,1125906.0,2529443.0,0.0,0.0
237902,494401.0,2111906.0,4744574.0,0.0,0.0
201902,631134.0,2513515.0,5646821.0,0.0,0.0
39902,115276.0,461900.0,1037698.0,0.0,0.0
15833,28.0,118.0,266516.0,0.0,0.0
59901,953585.0,3938734.0,8848695.0,0.0,0.0
15815,127072.0,601726.0,1351829.0,0.0,0.0
208901,42467.0,151220.0,339729.0,0.0,0.0
97903,127239.0,480395.0,1079247.0,0.0,0.0
108905,1471209.0,5884859.0,13220826.0,0.0,0.0
84903,24204.0,82953.0,186360.0,0.0,0.0
220819,75976.0,513818.0,1154336.0,225776.0,225777.0
177905,32320.0,138891.0,312029.0,0.0,0.0
188903,170438.0,884015.0,1986013.0,0.0,0.0
109904,517148.0,1862330.0,4183879.0,0.0,0.0
84908,412839.0,1674087.0,3760977.0,0.0,0.0
14905,101579.0,411609.0,924715.0,0.0,0.0
5902,48727.0,235102.0,528176.0,89766.0,89767.0
163904,394472.0,1433826.0,3221211.0,0.0,0.0
74907,128169.0,621437.0,1396110.0,0.0,0.0
19902,181891.0,863135.0,1939104.0,0.0,0.0
108802,377263.0,1591435.0,3575292.0,0.0,0.0
101878,12866.0,66476.0,149345.0,0.0,0.0
101828,901198.0,4226723.0,9495686.0,0.0,0.0
101821,71418.0,291694.0,655316.0,0.0,0.0
101912,81977178.0,358195503.0,804716108.0,0.0,0.0
91905,184460.0,750731.0,1686580.0,0.0,0.0
109905,66196.0,277039.0,622392.0,0.0,0.0
19913,24910.0,128753.0,289254.0,0.0,0.0
72908,21638.0,103021.0,231445.0,0.0,0.0
3902,454383.0,1932285.0,4341039.0,0.0,0.0
101925,334055.0,1453718.0,3265898.0,0.0,0.0
34903,295518.0,1259424.0,2829401.0,0.0,0.0
146905,55927.0,243903.0,547948.0,0.0,0.0
101913,3262418.0,15564399.0,34966721.0,953330.0,953329.0
133902,48478.0,187093.0,420320.0,0.0,0.0
3904,393227.0,1459181.0,3278171.0,0.0,0.0
236902,1295947.0,6256993.0,14056858.0,0.0,0.0
220916,3361810.0,13660185.0,30688746.0,0.0,0.0
246906,288032.0,1258221.0,2826699.0,2841026.0,2841025.0
152910,71346.0,280735.0,630694.0,0.0,0.0
108807,13052539.0,69926425.0,157095552.0,0.0,0.0
120905,97282.0,441779.0,992492.0,0.0,0.0
205903,317932.0,1471413.0,3305653.0,0.0,0.0
133904,285292.0,1115150.0,2505279.0,0.0,0.0
15808,353631.0,1693260.0,3804050.0,0.0,0.0
57830,530252.0,2181574.0,4901088.0,0.0,0.0
57848,3614359.0,17494775.0,39303.0,0.0,0.0
93903,70203.0,323341.0,726412.0,0.0,0.0
243903,161507.0,684302.0,1537340.0,0.0,0.0
186903,56069.0,240709.0,540772.0,0.0,0.0
18906,32504.0,138125.0,310310.0,0.0,0.0
118902,23541.0,104304.0,234328.0,0.0,0.0
57912,8238962.0,32480586.0,72970350.0,0.0,0.0
70907,68688.0,309146.0,694523.0,0.0,0.0
109907,184209.0,763405.0,1715053.0,0.0,0.0
119902,152331.0,684124.0,1536943.0,0.0,0.0
37904,1339987.0,5482866.0,12317716.0,0.0,0.0
246907,97700.0,421286.0,946454.0,1157711.0,1157711.0
121904,713094.0,3374648.0,7581429.0,0.0,0.0
132902,17248.0,74252.0,166813.0,0.0,0.0
57819,67313.0,228857.0,514146.0,0.0,0.0
155901,464419.0,1964703.0,4413868.0,0.0,0.0
124901,414888.0,1866072.0,4192287.0,0.0,0.0
221911,70538.0,352270.0,791404.0,52431.0,52431.0
210902,136943.0,756268.0,1699019.0,0.0,0.0
16901,74547.0,303850.0,682625.0,0.0,0.0
50909,39956.0,204786.0,460068.0,0.0,0.0
126905,547656.0,2418029.0,5432304.0,0.0,0.0
7902,200204.0,886568.0,1991748.0,0.0,0.0
15822,1418779.0,8277042.0,18595066.0,0.0,0.0
15916,4195940.0,19411683.0,43609967.0,0.0,0.0
134901,211456.0,889077.0,1997386.0,0.0,0.0
102901,159985.0,575931.0,1293877.0,0.0,0.0
128901,195863.0,931833.0,2093441.0,0.0,0.0
105801,18533.0,78064.0,175378.0,0.0,0.0
101914,5308150.0,29914338.0,67205058.0,0.0,0.0
129903,650537.0,2808220.0,6308901.0,0.0,0.0
126906,266114.0,1029732.0,2313379.0,0.0,0.0
220907,1884815.0,7909629.0,17769642.0,1892310.0,1892309.0
242905,14816.0,59272.0,133161.0,0.0,0.0
129904,310401.0,1371801.0,3081865.0,0.0,0.0
128902,255100.0,1003445.0,2254324.0,0.0,0.0
113906,91821.0,557754.0,1253041.0,0.0,0.0
220914,278921.0,1299631.0,2919729.0,0.0,0.0
175907,171208.0,1237327.0,2779760.0,0.0,0.0
248901,225347.0,1011538.0,2272505.0,0.0,0.0
133903,1044148.0,4442939.0,9981434.0,0.0,0.0
105803,71586.0,300298.0,674646.0,0.0,0.0
92902,731503.0,3007031.0,6755547.0,0.0,0.0
14906,8539484.0,38444505.0,86368791.0,0.0,0.0
137901,1128038.0,4933088.0,11082593.0,0.0,0.0
227820,8986418.0,42059588.0,94490377.0,0.0,0.0
121905,374508.0,1783173.0,4006047.0,0.0,0.0
101915,6907550.0,32362569.0,72705215.0,0.0,0.0
58905,39275.0,173992.0,390887.0,0.0,0.0
232901,94882.0,501616.0,1126922.0,0.0,0.0
138902,66697.0,248938.0,559261.0,0.0,0.0
18907,47273.0,217082.0,487692.0,0.0,0.0
100903,251165.0,1115157.0,2505294.0,0.0,0.0
219905,67775.0,243983.0,548128.0,0.0,0.0
61905,116876.0,472245.0,1060938.0,508197.0,508197.0
57839,367955.0,1456230.0,3271543.0,0.0,0.0
71807,105779.0,431708.0,969867.0,0.0,0.0
31905,1398641.0,5314702.0,11939921.0,0.0,0.0
125906,36757.0,179912.0,404188.0,0.0,0.0
75902,249654.0,1241641.0,2789451.0,0.0,0.0
108912,15535347.0,65603080.0,147382795.0,0.0,0.0
101916,791195.0,3678616.0,8264317.0,0.0,0.0
254902,223920.0,960325.0,2157450.0,0.0,0.0
161906,830835.0,3419897.0,7683084.0,0.0,0.0
247903,175463.0,868331.0,1950777.0,0.0,0.0
108914,306127.0,1181694.0,2654774.0,0.0,0.0
15913,65965.0,284006.0,638043.0,0.0,0.0
227912,131175.0,534906.0,1201710.0,0.0,0.0
61912,257381.0,1094050.0,2457874.0,227813.0,227813.0
227913,332839.0,1347549.0,3027382.0,1862378.0,1862377.0
220910,679553.0,2820446.0,6336368.0,0.0,0.0
79901,3545267.0,14541884.0,32669557.0,0.0,0.0
58906,571497.0,2346781.0,5272239.0,0.0,0.0
141901,586683.0,2444325.0,5491381.0,0.0,0.0
57913,1496464.0,6373817.0,14319313.0,0.0,0.0
201903,46414.0,167082.0,375363.0,0.0,0.0
107910,89248.0,459411.0,1032105.0,0.0,0.0
240901,13731231.0,54786920.0,123083392.0,0.0,0.0
245901,184957.0,702816.0,1578935.0,0.0,0.0
113905,85542.0,481377.0,1081454.0,0.0,0.0
185904,28305.0,124890.0,280576.0,0.0,0.0
193902,59317.0,284430.0,638997.0,0.0,0.0
246913,762172.0,7040159.0,15816305.0,5472469.0,5472469.0
19914,26684.0,118772.0,266832.0,0.0,0.0
90902,34037.0,170049.0,382029.0,0.0,0.0
57846,408666.0,1890050.0,4246155.0,0.0,0.0
101874,44374.0,203335.0,456810.0,0.0,0.0
187906,69179.0,296185.0,665405.0,0.0,0.0
145911,145054.0,546664.0,1228126.0,0.0,0.0
74909,109338.0,489527.0,1099763.0,0.0,0.0
110902,607306.0,3049861.0,6851767.0,0.0,0.0
201904,43440.0,190391.0,427729.0,0.0,0.0
61902,3942498.0,16708692.0,37537473.0,0.0,0.0
144902,75939.0,317106.0,712404.0,52380.0,52380.0
246908,127509.0,528019.0,1186239.0,1876696.0,1876696.0
146906,467041.0,2257556.0,5071789.0,0.0,0.0
19908,643661.0,2672243.0,6003418.0,0.0,0.0
57807,1171628.0,5014483.0,11265455.0,0.0,0.0
15825,82485.0,387318.0,870141.0,0.0,0.0
212903,513841.0,2471397.0,5552200.0,0.0,0.0
34905,200325.0,842295.0,1892285.0,0.0,0.0
49907,21975.0,129939.0,291919.0,0.0,0.0
72909,77270.0,278272.0,625162.0,0.0,0.0
111902,46542.0,209955.0,471681.0,0.0,0.0
181908,453892.0,2004181.0,4502559.0,0.0,0.0
61914,478151.0,1960736.0,4404958.0,1556158.0,1556158.0
140904,388218.0,1691957.0,3801123.0,0.0,0.0
187907,1091301.0,4315202.0,9694462.0,0.0,0.0
150901,448367.0,1825745.0,4101689.0,0.0,0.0
28902,831245.0,3411908.0,7665136.0,0.0,0.0
77902,139506.0,627508.0,1409750.0,0.0,0.0
160905,29115.0,104812.0,235469.0,0.0,0.0
141902,132982.0,478724.0,1075494.0,0.0,0.0
178906,52650.0,199500.0,448192.0,178952.0,178953.0
116906,136482.0,565132.0,1269616.0,0.0,0.0
92903,2155743.0,8753791.0,19666123.0,0.0,0.0
83902,30817.0,138754.0,311721.0,0.0,0.0
168902,72174.0,295801.0,664542.0,0.0,0.0
161907,104121.0,452808.0,1017272.0,0.0,0.0
54902,120056.0,533950.0,1199564.0,0.0,0.0
31906,3224151.0,12636360.0,28388639.0,0.0,0.0
241906,69793.0,366574.0,823540.0,0.0,0.0
43919,84527.0,0.0,0.0,1133162.0,1107067.0
113903,87655.0,402908.0,905168.0,0.0,0.0
152901,8160440.0,33489578.0,75237134.0,0.0,0.0
152906,353468.0,1535397.0,3449398.0,916156.0,916156.0
127905,25987.0,113824.0,255714.0,0.0,0.0
3903,2032759.0,8297728.0,18641540.0,0.0,0.0
28903,328913.0,1529396.0,3435916.0,0.0,0.0
100907,271275.0,1239596.0,2784857.0,50507.0,50507.0
57805,51366.0,206974.0,464985.0,0.0,0.0
245902,676089.0,2954007.0,6636424.0,0.0,0.0
7904,304281.0,1308191.0,2938961.0,0.0,0.0
129905,713029.0,3380746.0,7595129.0,0.0,0.0
154901,549139.0,2323919.0,5220879.0,0.0,0.0
170906,1905909.0,8912894.0,20023560.0,0.0,0.0
107906,429729.0,1646581.0,3699182.0,0.0,0.0
109908,27772.0,119808.0,269159.0,0.0,0.0
19910,21330.0,98253.0,220733.0,0.0,0.0
57844,130599.0,535490.0,1203024.0,0.0,0.0
227907,1258016.0,5224324.0,11736881.0,0.0,0.0
220908,3079081.0,13144342.0,29529861.0,0.0,0.0
27904,728240.0,2762467.0,6206112.0,0.0,0.0
189901,117669.0,475767.0,1068850.0,0.0,0.0
94904,133914.0,545999.0,1226633.0,0.0,0.0
73903,427848.0,1703785.0,3827696.0,0.0,0.0
102902,1614179.0,6697372.0,15046205.0,0.0,0.0
161908,154083.0,683179.0,1534818.0,0.0,0.0
234905,131703.0,593166.0,1332596.0,0.0,0.0
174909,105308.0,478493.0,1074976.0,0.0,0.0
157901,118898.0,551823.0,1239717.0,0.0,0.0
158904,26192.0,125792.0,282603.0,0.0,0.0
205904,773396.0,3326272.0,7472748.0,0.0,0.0
19903,92870.0,330775.0,743114.0,0.0,0.0
25905,51604.0,254619.0,572022.0,0.0,0.0
70915,58187.0,258057.0,579746.0,274136.0,274135.0
108906,9070069.0,40190746.0,90291867.0,0.0,0.0
231901,96089.0,446243.0,1002521.0,0.0,0.0
11905,106000.0,548395.0,1232015.0,0.0,0.0
161909,220831.0,995249.0,2235910.0,0.0,0.0
43907,1579812.0,7355216.0,16524108.0,0.0,0.0
90903,27666.0,156576.0,351762.0,0.0,0.0
34906,57460.0,383211.0,860916.0,0.0,0.0
223902,113848.0,508953.0,1143406.0,0.0,0.0
130801,159715.0,703681.0,1580879.0,0.0,0.0
10901,155932.0,658550.0,1479487.0,0.0,0.0
163908,544381.0,2410106.0,5414505.0,0.0,0.0
43908,30165.0,127209.0,285786.0,1504256.0,1504257.0
96904,190554.0,774502.0,1739983.0,0.0,0.0
164901,129114.0,539186.0,1211326.0,0.0,0.0
108907,2981794.0,12196717.0,27400943.0,0.0,0.0
18902,136338.0,490800.0,1102623.0,0.0,0.0
246801,15199.0,70994.0,159494.0,491877.0,491877.0
221904,198338.0,920523.0,2068031.0,0.0,0.0
57914,9022372.0,36653310.0,82344721.0,0.0,0.0
147903,530990.0,2511778.0,5642918.0,0.0,0.0
101855,95291.0,428667.0,963036.0,0.0,0.0
62906,33124.0,122388.0,274954.0,0.0,0.0
197902,12411.0,64371.0,144616.0,0.0,0.0
165802,71432.0,245353.0,551206.0,0.0,0.0
165901,3466795.0,15438690.0,34684306.0,0.0,0.0
70908,335115.0,1514587.0,3402647.0,2399314.0,2399313.0
39905,17388.0,84951.0,190849.0,0.0,0.0
161903,469549.0,2103236.0,4725094.0,0.0,0.0
166903,108099.0,469352.0,1054437.0,0.0,0.0
175910,83538.0,346082.0,777502.0,0.0,0.0
200902,42268.0,193552.0,434831.0,0.0,0.0
70909,31391.0,147157.0,330601.0,0.0,0.0
112907,38067.0,175806.0,394963.0,0.0,0.0
184904,88885.0,403784.0,907134.0,0.0,0.0
250903,377391.0,1616973.0,3632666.0,0.0,0.0
182903,875973.0,3460404.0,7774087.0,0.0,0.0
108908,6934201.0,30654958.0,68868923.0,0.0,0.0
238902,310523.0,1320674.0,2967006.0,0.0,0.0
169908,22013.0,120657.0,271065.0,0.0,0.0
108915,459538.0,1746204.0,3922993.0,0.0,0.0
227826,51313.0,248808.0,558968.0,0.0,0.0
170903,451100.0,1996990.0,4486405.0,516124.0,516124.0
161910,151424.0,600276.0,1348571.0,0.0,0.0
209902,27071.0,176194.0,395833.0,0.0,0.0
18903,43180.0,170924.0,383995.0,0.0,0.0
72910,12265.0,54929.0,123402.0,0.0,0.0
40901,158969.0,618320.0,1389107.0,0.0,0.0
173901,36981.0,157485.0,353804.0,0.0,0.0
143902,51564.0,259871.0,583823.0,0.0,0.0
109910,54857.0,271767.0,610546.0,0.0,0.0
201907,50833.0,224871.0,505190.0,0.0,0.0
225902,1145982.0,5726799.0,12865732.0,0.0,0.0
80901,309944.0,1258602.0,2827554.0,0.0,0.0
49902,29274.0,133173.0,299185.0,0.0,0.0
9901,344919.0,1435140.0,3224161.0,0.0,0.0
167902,145734.0,660541.0,1483961.0,0.0,0.0
198906,174116.0,626803.0,1408166.0,0.0,0.0
138903,148979.0,604506.0,1358074.0,0.0,0.0
107908,41015.0,199864.0,449011.0,0.0,0.0
174904,2591592.0,11002062.0,24717051.0,0.0,0.0
163903,229523.0,826263.0,1856268.0,0.0,0.0
94903,109772.0,467968.0,1051330.0,60672.0,60673.0
93904,669499.0,2887477.0,6486959.0,0.0,0.0
35903,22702.0,91109.0,204684.0,0.0,0.0
1906,60869.0,254966.0,572803.0,0.0,0.0
123905,481009.0,2104141.0,4727129.0,0.0,0.0
79906,229323.0,1038911.0,2333999.0,0.0,0.0
19905,294523.0,1094444.0,2458760.0,0.0,0.0
46901,1051777.0,4084478.0,9176120.0,0.0,0.0
170908,2060420.0,8649875.0,19432666.0,0.0,0.0
152902,162329.0,765767.0,1720360.0,0.0,0.0
230906,187829.0,663388.0,1490356.0,0.0,0.0
15805,257565.0,1035128.0,2325502.0,0.0,0.0
153905,30639.0,120129.0,269879.0,0.0,0.0
37908,126224.0,464446.0,1043418.0,0.0,0.0
236901,168413.0,852188.0,1914512.0,0.0,0.0
252902,78473.0,341715.0,767691.0,0.0,0.0
220817,376655.0,1653274.0,3714218.0,0.0,0.0
176902,352172.0,1294131.0,2907373.0,0.0,0.0
89903,265088.0,1129468.0,2537445.0,0.0,0.0
169902,170340.0,707801.0,1590135.0,0.0,0.0
62902,32400.0,123253.0,276898.0,0.0,0.0
145906,97563.0,371490.0,834582.0,0.0,0.0
15910,11346109.0,52141422.0,117140057.0,0.0,0.0
112906,96154.0,411312.0,924047.0,0.0,0.0
139911,411046.0,1679016.0,3772049.0,0.0,0.0
61802,78240.0,336719.0,756468.0,0.0,0.0
154903,40610.0,214572.0,482055.0,0.0,0.0
15915,17631344.0,77010787.0,173011162.0,0.0,0.0
244905,24613.0,99974.0,224599.0,0.0,0.0
61911,779579.0,3297546.0,7408213.0,6056755.0,6056755.0
57809,57833.0,219762.0,493713.0,0.0,0.0
57827,241278.0,918267.0,2062964.0,0.0,0.0
69902,106536.0,471323.0,1058866.0,0.0,0.0
235904,24402.0,103442.0,232391.0,0.0,0.0
227804,86769.0,373090.0,838178.0,0.0,0.0
145907,66913.0,276628.0,621468.0,0.0,0.0
205905,280180.0,1326552.0,2980210.0,0.0,0.0
153903,103572.0,386950.0,869316.0,0.0,0.0
84802,243602.0,981660.0,2205380.0,0.0,0.0
50904,70611.0,291431.0,654723.0,0.0,0.0
200906,33355.0,139555.0,313523.0,0.0,0.0
252903,129413.0,545809.0,1226205.0,0.0,0.0
140905,166691.0,696568.0,1564897.0,0.0,0.0
187910,373482.0,1478009.0,3320471.0,0.0,0.0
125903,397529.0,2017971.0,4533539.0,0.0,0.0
181905,252653.0,881893.0,1981247.0,0.0,0.0
230903,172816.0,983477.0,2209464.0,0.0,0.0
14804,204528.0,803455.0,1805028.0,0.0,0.0
201908,98746.0,437679.0,983282.0,0.0,0.0
51901,84838.0,376014.0,844746.0,0.0,0.0
104907,36134.0,144664.0,325001.0,0.0,0.0
48903,61583.0,322702.0,724978.0,0.0,0.0
158905,293224.0,1333826.0,2996552.0,0.0,0.0
1907,886079.0,3553538.0,7983320.0,0.0,0.0
70910,121434.0,540840.0,1215042.0,0.0,0.0
182906,38564.0,138830.0,311894.0,0.0,0.0
90904,618644.0,2652967.0,5960112.0,0.0,0.0
33902,56612.0,234103.0,525931.0,0.0,0.0
42905,86650.0,383047.0,860548.0,0.0,0.0
249906,140829.0,594776.0,1336215.0,0.0,0.0
139909,1274891.0,4748881.0,10668759.0,0.0,0.0
101917,14804180.0,65564411.0,147295921.0,0.0,0.0
63906,25763.0,128001.0,287565.0,0.0,0.0
13902,18579.0,75799.0,170288.0,66933.0,66933.0
20908,1182724.0,5709795.0,12827530.0,0.0,0.0
82903,673344.0,2987939.0,6712654.0,0.0,0.0
184908,90178.0,345918.0,777134.0,231870.0,231869.0
195901,643664.0,2578765.0,5793411.0,0.0,0.0
57802,268287.0,978619.0,2198549.0,0.0,0.0
109914,27091.0,100435.0,225635.0,0.0,0.0
119903,35203.0,163403.0,367098.0,0.0,0.0
179901,265309.0,1152407.0,2588978.0,0.0,0.0
95904,77297.0,278262.0,625139.0,0.0,0.0
39903,70013.0,299600.0,673077.0,0.0,0.0
13903,183605.0,717525.0,1611979.0,0.0,0.0
172905,217588.0,858527.0,1928753.0,0.0,0.0
227904,3038491.0,13227475.0,29716626.0,0.0,0.0
108909,12524964.0,53681530.0,120600040.0,0.0,0.0
61903,133728.0,622700.0,1398948.0,0.0,0.0
92904,992349.0,4096119.0,9202274.0,0.0,0.0
3801,180162.0,745789.0,1675478.0,0.0,0.0
57850,63659.0,569429.0,1279269.0,0.0,0.0
32902,719894.0,3113758.0,6995317.0,0.0,0.0
251902,71933.0,344792.0,774604.0,0.0,0.0
95905,1396322.0,5753155.0,12924944.0,0.0,0.0
43910,4155930.0,19250168.0,43247110.0,0.0,0.0
19912,163158.0,699094.0,1570572.0,0.0,0.0
7905,949297.0,3554587.0,7985678.0,0.0,0.0
117904,79207.0,377213.0,847441.0,0.0,0.0
31909,1128508.0,4821890.0,10832779.0,0.0,0.0
61906,82099.0,691445.0,1553390.0,0.0,0.0
184901,80801.0,334992.0,752587.0,0.0,0.0
15801,77115.0,322311.0,724099.0,0.0,0.0
178908,70506.0,243442.0,546912.0,0.0,0.0
123907,3040408.0,12309999.0,27655441.0,0.0,0.0
123908,582928.0,2338023.0,5252564.0,0.0,0.0
15814,64385.0,266320.0,598310.0,0.0,0.0
85902,183582.0,738445.0,1658978.0,0.0,0.0
7906,433703.0,1610010.0,3617022.0,0.0,0.0
247904,36313.0,188343.0,423128.0,28238.0,28237.0
91913,147465.0,624281.0,1402498.0,0.0,0.0
28906,33252.0,171846.0,386067.0,0.0,0.0
169909,29848.0,131266.0,294899.0,0.0,0.0
139912,148477.0,572840.0,1286933.0,0.0,0.0
72801,1061253.0,4224317.0,9490281.0,0.0,0.0
125905,310553.0,1342063.0,3015056.0,0.0,0.0
189902,456762.0,1982709.0,4454322.0,0.0,0.0
167904,24951.0,105768.0,237616.0,0.0,0.0
43911,471462.0,1697671.0,3813959.0,588822.0,588823.0
98903,13303.0,49803.0,111887.0,0.0,0.0
14803,143790.0,540619.0,1214547.0,0.0,0.0
108910,899837.0,3681660.0,8271156.0,0.0,0.0
15839,58814.0,272041.0,611162.0,0.0,0.0
227824,255610.0,1095493.0,2461117.0,0.0,0.0
101853,446025.0,1892810.0,4252355.0,0.0,0.0
43912,57486.0,220533.0,495447.0,7104748.0,7104747.0
99903,124051.0,498371.0,1119633.0,0.0,0.0
34907,189737.0,1100358.0,2472047.0,0.0,0.0
116908,587040.0,2377291.0,5340783.0,0.0,0.0
250904,200621.0,889040.0,1997303.0,0.0,0.0
190903,350079.0,1478985.0,3322663.0,0.0,0.0
54903,169873.0,618427.0,1389347.0,0.0,0.0
66005,19230.0,70894.0,159269.0,0.0,0.0
234801,15252.0,60977.0,136989.0,0.0,0.0
15906,26655.0,89505.0,201081.0,304204.0,304204.0
67907,125430.0,505886.0,1136515.0,0.0,0.0
231902,20307.0,86134.0,193507.0,36760.0,36759.0
161802,209703.0,918357.0,2063167.0,0.0,0.0
101806,751462.0,3143894.0,7063019.0,0.0,0.0
236801,43044.0,163563.0,367458.0,0.0,0.0
245903,1023348.0,4436200.0,9966293.0,0.0,0.0
192901,103593.0,439009.0,986269.0,0.0,0.0
19911,47663.0,197632.0,443996.0,0.0,0.0
70911,395881.0,1849723.0,4155557.0,435838.0,435838.0
19906,126673.0,518376.0,1164575.0,0.0,0.0
196903,130563.0,567220.0,1274307.0,0.0,0.0
101876,25442.0,107839.0,242270.0,0.0,0.0
137902,185022.0,729363.0,1638575.0,0.0,0.0
45903,335742.0,1336319.0,3002152.0,0.0,0.0
175911,178953.0,746291.0,1676604.0,0.0,0.0
14801,401466.0,1671444.0,3755039.0,0.0,0.0
93905,43227.0,202260.0,454393.0,0.0,0.0
57916,8096794.0,30980223.0,69599659.0,0.0,0.0
206902,38342.0,138028.0,310092.0,0.0,0.0
161912,71875.0,305448.0,686213.0,0.0,0.0
214901,4535937.0,18649150.0,41896873.0,0.0,0.0
31911,799623.0,2878569.0,6466946.0,0.0,0.0
126907,224452.0,907234.0,2038177.0,0.0,0.0
152802,80105.0,320273.0,719520.0,0.0,0.0
67908,68021.0,244872.0,550125.0,0.0,0.0
188902,222051.0,996709.0,2239190.0,0.0,0.0
194903,124090.0,597533.0,1342408.0,0.0,0.0
137903,84494.0,376806.0,846526.0,0.0,0.0
41902,40802.0,177597.0,398986.0,0.0,0.0
161922,222697.0,978552.0,2198399.0,0.0,0.0
178909,1459671.0,5568488.0,12510074.0,0.0,0.0
76903,48803.0,208361.0,468100.0,0.0,0.0
160904,44904.0,210202.0,472236.0,0.0,0.0
166904,377097.0,1526055.0,3428410.0,0.0,0.0
69901,143899.0,546804.0,1228442.0,0.0,0.0
199901,751975.0,3295625.0,7403897.0,1563820.0,1563821.0
14907,84135.0,340472.0,764898.0,0.0,0.0
214903,3515575.0,14996667.0,33691265.0,0.0,0.0
152908,337196.0,1451329.0,3260531.0,0.0,0.0
110905,54634.0,277731.0,623946.0,0.0,0.0
177901,100354.0,415375.0,933175.0,377141.0,377141.0
73905,182973.0,753408.0,1692593.0,0.0,0.0
76904,56358.0,223594.0,502323.0,0.0,0.0
246909,2903595.0,12964740.0,29126371.0,73278.0,73279.0
75908,16883.0,88937.0,199805.0,0.0,0.0
237905,606929.0,2474932.0,5560142.0,0.0,0.0
199902,281380.0,1261429.0,2833905.0,2025528.0,2025528.0
104903,51888.0,255962.0,575040.0,0.0,0.0
128903,87925.0,316527.0,711105.0,0.0,0.0
37907,373068.0,1541395.0,3462873.0,0.0,0.0
91914,114176.0,491264.0,1103666.0,0.0,0.0
232902,120108.0,568182.0,1276469.0,0.0,0.0
92906,187405.0,644315.0,1447508.0,0.0,0.0
123913,99352.0,441875.0,992710.0,0.0,0.0
169911,40755.0,174078.0,391082.0,0.0,0.0
14908,100806.0,489256.0,1099154.0,248772.0,248772.0
112909,56650.0,213874.0,480486.0,0.0,0.0
74917,81778.0,333378.0,748962.0,0.0,0.0
226903,2934804.0,14471582.0,32511617.0,0.0,0.0
15907,21453393.0,92589570.0,208010199.0,0.0,0.0
15840,56051.0,254385.0,571497.0,0.0,0.0
203901,284840.0,1089943.0,2448648.0,0.0,0.0
31912,4781052.0,20132980.0,45230421.0,0.0,0.0
66902,531914.0,2442715.0,5487763.0,0.0,0.0
71904,1716283.0,6962081.0,15640897.0,0.0,0.0
233901,2705729.0,11565560.0,25982996.0,0.0,0.0
214902,101190.0,421540.0,947025.0,0.0,0.0
105902,1694932.0,7334343.0,16477213.0,0.0,0.0
245904,122637.0,466007.0,1046923.0,0.0,0.0
206901,187749.0,802706.0,1803346.0,0.0,0.0
58909,38597.0,180751.0,406073.0,0.0,0.0
117903,63393.0,327163.0,734999.0,0.0,0.0
61908,236126.0,858343.0,1928340.0,84971.0,84971.0
42903,107647.0,539754.0,1212603.0,0.0,0.0
84909,411181.0,1524120.0,3424063.0,318366.0,318365.0
137904,128736.0,627071.0,1408766.0,0.0,0.0
31913,308853.0,1174433.0,2638462.0,0.0,0.0
31914,562168.0,2136188.0,4799125.0,0.0,0.0
182904,74625.0,435627.0,978673.0,0.0,0.0
74911,27032.0,140334.0,315272.0,0.0,0.0
94902,806633.0,3369185.0,7569156.0,2053141.0,2053141.0
207901,116981.0,484658.0,1088825.0,0.0,0.0
15806,411747.0,1564601.0,3515006.0,0.0,0.0
15827,307193.0,1806907.0,4059366.0,0.0,0.0
15831,463968.0,2615804.0,5876623.0,0.0,0.0
75903,131294.0,626509.0,1407505.0,0.0,0.0
129910,176881.0,816352.0,1834004.0,0.0,0.0
83901,249338.0,1008501.0,2265681.0,0.0,0.0
8902,418550.0,1683216.0,3781485.0,0.0,0.0
94901,1457375.0,5923906.0,13308549.0,0.0,0.0
83903,593512.0,3021162.0,6787293.0,0.0,0.0
101802,482838.0,2139326.0,4806174.0,0.0,0.0
12901,134020.0,608676.0,1367442.0,0.0,0.0
152909,164926.0,606411.0,1362353.0,0.0,0.0
242902,77075.0,344822.0,774672.0,0.0,0.0
108911,2037459.0,9292038.0,20875340.0,0.0,0.0
210903,170274.0,817542.0,1836676.0,0.0,0.0
101924,1546647.0,6780224.0,15232340.0,0.0,0.0
204904,569225.0,2104402.0,4727714.0,0.0,0.0
91906,1441000.0,5943470.0,13352501.0,0.0,0.0
143903,59123.0,269675.0,605847.0,0.0,0.0
47905,25571.0,113957.0,256014.0,0.0,0.0
115902,30330.0,109236.0,245408.0,0.0,0.0
100904,531693.0,2449434.0,5502859.0,0.0,0.0
23902,31972.0,136675.0,307052.0,0.0,0.0
19909,180025.0,676486.0,1519782.0,0.0,0.0
205906,418023.0,2299902.0,5166921.0,0.0,0.0
49909,9614.0,61915.0,139098.0,0.0,0.0
13905,134580.0,635698.0,1428149.0,0.0,0.0
152903,354221.0,1753776.0,3940003.0,0.0,0.0
249908,29218.0,127617.0,286702.0,15988.0,15987.0
1909,62388.0,286208.0,642990.0,0.0,0.0
11904,260635.0,1083070.0,2433207.0,0.0,0.0
110906,88050.0,316972.0,712104.0,0.0,0.0
26903,76908.0,329900.0,741147.0,0.0,0.0
208902,487679.0,2207667.0,4959707.0,0.0,0.0
71909,10153294.0,44186634.0,99268963.0,0.0,0.0
15909,1000230.0,4467853.0,10037404.0,0.0,0.0
26902,154151.0,648405.0,1456696.0,0.0,0.0
218901,125674.0,560063.0,1258228.0,0.0,0.0
15908,2762719.0,12788784.0,28731070.0,0.0,0.0
31916,1008645.0,4687337.0,10530494.0,0.0,0.0
85903,37671.0,152847.0,343384.0,0.0,0.0
15917,1402783.0,6490608.0,14581693.0,0.0,0.0
15912,3377263.0,14664502.0,32945029.0,0.0,0.0
15807,277430.0,1290585.0,2899408.0,0.0,0.0
101838,697507.0,3277615.0,7363436.0,0.0,0.0
98904,121912.0,542938.0,1219756.0,0.0,0.0
170907,556359.0,2106690.0,4732856.0,0.0,0.0
101920,8616398.0,38295507.0,86034054.0,0.0,0.0
92907,270615.0,1083822.0,2434896.0,0.0,0.0
101919,9725329.0,45216770.0,101583250.0,0.0,0.0
140907,56323.0,204060.0,458439.0,0.0,0.0
184902,394901.0,1679664.0,3773506.0,0.0,0.0
63903,58921.0,235476.0,529017.0,0.0,0.0
229905,66075.0,318830.0,716278.0,0.0,0.0
57836,109621.0,445000.0,999729.0,0.0,0.0
13801,168949.0,608202.0,1366376.0,0.0,0.0
79910,443828.0,1920343.0,4314210.0,0.0,0.0
127906,180926.0,661754.0,1486686.0,0.0,0.0
156902,118944.0,572707.0,1286633.0,0.0,0.0
101859,198256.0,957111.0,2150229.0,0.0,0.0
72903,529619.0,2404319.0,5401504.0,0.0,0.0
216901,41408.0,179511.0,403288.0,0.0,0.0
247906,196115.0,823623.0,1850338.0,0.0,0.0
211902,74746.0,281994.0,633524.0,0.0,0.0
182905,32774.0,143856.0,323184.0,0.0,0.0
140908,95616.0,387425.0,870382.0,0.0,0.0
112910,30544.0,138991.0,312254.0,0.0,0.0
112901,918927.0,3555269.0,7987209.0,0.0,0.0
110907,51415.0,289102.0,649491.0,0.0,0.0
57919,75868.0,152025.0,341538.0,507222.0,507221.0
171902,54979.0,225545.0,506707.0,0.0,0.0
20906,365615.0,1695342.0,3808727.0,0.0,0.0
177902,573235.0,2284474.0,5132263.0,0.0,0.0
205907,320525.0,1285350.0,2887645.0,0.0,0.0
153904,136888.0,636089.0,1429027.0,0.0,0.0
146907,378716.0,1796872.0,4036824.0,0.0,0.0
201910,211244.0,994290.0,2233755.0,0.0,0.0
246911,493249.0,2068896.0,4647948.0,0.0,0.0
81904,229911.0,1078786.0,2423584.0,0.0,0.0
123803,151.0,58828.0,132163.0,0.0,0.0
14909,2941009.0,11423412.0,25663648.0,0.0,0.0
210904,155479.0,634241.0,1424876.0,0.0,0.0
22004,84368.0,312929.0,703021.0,0.0,0.0
222901,32266.0,116694.0,262162.0,0.0,0.0
129906,1031616.0,4225774.0,9493554.0,0.0,0.0
57804,1355935.0,5657419.0,12709863.0,0.0,0.0
19907,2149686.0,9188881.0,20643587.0,0.0,0.0
84906,2445335.0,9982966.0,22427567.0,0.0,0.0
221801,1813627.0,7358955.0,16532508.0,0.0,0.0
227805,89212.0,409812.0,920676.0,0.0,0.0
226801,484531.0,2337565.0,5251536.0,0.0,0.0
105802,64644.0,232716.0,522816.0,0.0,0.0
227905,16040.0,4685.0,10524.0,121978.0,121977.0
227906,68506.0,287865.0,646713.0,205476.0,205475.0
170801,208156.0,952149.0,2139081.0,0.0,0.0
56902,29492.0,153365.0,344548.0,0.0,0.0
15841,82772.0,635528.0,1427766.0,0.0,0.0
101864,103132.0,424875.0,954516.0,0.0,0.0
101868,188416.0,933828.0,2097922.0,0.0,0.0
101861,241362.0,1075452.0,2416092.0,0.0,0.0
101814,619392.0,2849165.0,6400887.0,0.0,0.0
166905,67681.0,295574.0,664031.0,0.0,0.0
246912,41467.0,205761.0,462260.0,28228.0,28228.0
149902,96442.0,457075.0,1026858.0,0.0,0.0
72901,24723.0,135539.0,304500.0,0.0,0.0
224901,36068.0,151581.0,340539.0,0.0,0.0
158902,191807.0,874786.0,1965280.0,0.0,0.0
210905,229012.0,997237.0,2240376.0,0.0,0.0
91907,30092.0,173808.0,390474.0,28544.0,28545.0
111903,95362.0,365164.0,820372.0,0.0,0.0
91918,72275.0,319729.0,718297.0,0.0,0.0
101921,858008.0,3474883.0,7806614.0,1528838.0,1528839.0
71908,442631.0,1802125.0,4048624.0,0.0,0.0
221905,25047.0,145500.0,326877.0,0.0,0.0
74912,73375.0,285520.0,641444.0,0.0,0.0
107907,45248.0,223815.0,502818.0,0.0,0.0
57813,1010344.0,4705781.0,10571930.0,0.0,0.0
46802,312413.0,1278623.0,2872534.0,0.0,0.0
228903,346617.0,1474731.0,3313107.0,0.0,0.0
71803,69843.0,284033.0,638103.0,0.0,0.0
240801,154637.0,587606.0,1320105.0,0.0,0.0
152803,85848.0,309046.0,694298.0,0.0,0.0
108804,139423.0,701058.0,1574986.0,0.0,0.0
212904,193122.0,813753.0,1828163.0,0.0,0.0
14910,153159.0,628845.0,1412753.0,0.0,0.0
219903,304271.0,1299166.0,2918685.0,0.0,0.0
178912,596522.0,2521838.0,5665520.0,0.0,0.0
96905,81935.0,313861.0,705115.0,0.0,0.0
101840,120605.0,501987.0,1127755.0,0.0,0.0
212905,4446624.0,19978515.0,44883403.0,0.0,0.0
57845,57700.0,443686.0,996779.0,0.0,0.0
230908,108136.0,403473.0,906436.0,0.0,0.0
230904,67806.0,303393.0,681597.0,0.0,0.0
240903,14113956.0,56787934.0,127578835.0,0.0,0.0
57808,193102.0,702144.0,1577426.0,0.0,0.0
101807,25282.0,0.0,0.0,0.0,0.0
227819,53491.0,225008.0,505498.0,0.0,0.0
227806,469209.0,1823921.0,40975.0,0.0,0.0
57803,5248754.0,23781674.0,53427516.0,0.0,0.0
212804,42219.0,267677.0,601358.0,0.0,0.0
232904,50957.0,206286.0,463438.0,0.0,0.0
68803,40132.0,61307.0,137732.0,341496.0,341495.0
232903,1888586.0,7199589.0,16174478.0,0.0,0.0
122902,2084.0,32595.0,73227.0,0.0,0.0
18904,84899.0,423909.0,952347.0,0.0,0.0
49903,75783.0,400823.0,900483.0,0.0,0.0
108916,1678787.0,6998980.0,15723793.0,0.0,0.0
227829,69526.0,286084.0,642712.0,133742.0,133741.0
91908,101161.0,441638.0,992177.0,68030.0,68031.0
234906,414129.0,1682474.0,3779819.0,0.0,0.0
158906,149189.0,599758.0,1347407.0,0.0,0.0
108808,1209826.0,5847181.0,13136181.0,0.0,0.0
180902,24621.0,100645.0,226108.0,0.0,0.0
126908,271685.0,1176862.0,2643919.0,0.0,0.0
226908,42326.0,233137.0,523762.0,0.0,0.0
244903,368057.0,1495398.0,3359536.0,0.0,0.0
235902,2910099.0,12645599.0,28409395.0,0.0,0.0
181907,757886.0,3287763.0,7386234.0,0.0,0.0
57847,71121.0,407319.0,915076.0,129710.0,129710.0
71809,58556.0,268385.0,602950.0,0.0,0.0
161801,88344.0,364209.0,818225.0,0.0,0.0
161914,5141998.0,22232714.0,49947648.0,0.0,0.0
89905,72596.0,305999.0,687452.0,0.0,0.0
59902,21004.0,92041.0,206778.0,0.0,0.0
226906,66764.0,328426.0,737837.0,0.0,0.0
237904,983086.0,4399198.0,9883165.0,0.0,0.0
49908,11493.0,57789.0,129828.0,0.0,0.0
18905,84935.0,379940.0,853567.0,0.0,0.0
229904,172138.0,918097.0,2062581.0,0.0,0.0
102903,129823.0,803438.0,1804990.0,0.0,0.0
226905,40470.0,304388.0,683834.0,0.0,0.0
70801,1024672.0,4326764.0,9720436.0,0.0,0.0
70912,876062.0,3940378.0,8852388.0,0.0,0.0
227803,390275.0,1828589.0,4108077.0,0.0,0.0
184903,955393.0,3957442.0,8890725.0,0.0,0.0
240904,157242.0,685481.0,1539990.0,0.0,0.0
45905,93078.0,406704.0,913695.0,0.0,0.0
44902,155050.0,591054.0,1327852.0,0.0,0.0
223904,89823.0,374059.0,840355.0,0.0,0.0
37909,95083.0,417744.0,938497.0,0.0,0.0
108913,6881089.0,28143334.0,63226351.0,0.0,0.0
100908,31600.0,156616.0,351852.0,97484.0,97484.0
161916,171470.0,742037.0,1667048.0,0.0,0.0
181906,921655.0,3871028.0,8696588.0,0.0,0.0
178915,589799.0,2434582.0,5469492.0,0.0,0.0
201914,211679.0,909790.0,2043920.0,0.0,0.0
202905,116560.0,583386.0,1310624.0,0.0,0.0
168903,27424.0,179511.0,403288.0,0.0,0.0
62905,26986.0,116931.0,262695.0,0.0,0.0
73904,13878.0,40634.0,91288.0,0.0,0.0
1908,312661.0,1125552.0,2528647.0,0.0,0.0
241904,475092.0,1907579.0,4285535.0,0.0,0.0
242903,67839.0,293108.0,658491.0,0.0,0.0
33904,29602.0,121816.0,273670.0,0.0,0.0
92908,237478.0,1007291.0,2262964.0,0.0,0.0
220920,885845.0,3613529.0,8118095.0,0.0,0.0
40902,82217.0,346530.0,778508.0,0.0,0.0
212906,671301.0,2773594.0,6231109.0,0.0,0.0
91909,261903.0,1067780.0,2398857.0,0.0,0.0
91910,117190.0,457994.0,1028922.0,0.0,0.0
110908,37730.0,196198.0,440776.0,0.0,0.0
109911,262261.0,1124723.0,2526785.0,0.0,0.0
243905,3213381.0,13902587.0,31233324.0,0.0,0.0
180904,14159.0,71565.0,160778.0,0.0,0.0
170904,1085128.0,4432170.0,9957240.0,0.0,0.0
234907,454184.0,2067460.0,4644720.0,0.0,0.0
153907,54739.0,250171.0,562031.0,0.0,0.0
105905,187578.0,758249.0,1703470.0,0.0,0.0
5904,23567.0,129535.0,291011.0,0.0,0.0
57828,149809.0,618634.0,1389812.0,178624.0,178624.0
248902,50114.0,209517.0,470697.0,0.0,0.0
250907,253375.0,1107221.0,2487465.0,0.0,0.0
212910,239695.0,1781369.0,4001993.0,0.0,0.0
200904,158525.0,628297.0,1411521.0,0.0,0.0
174906,185676.0,811270.0,1822586.0,0.0,0.0
116909,91709.0,402885.0,905115.0,0.0,0.0
196902,70534.0,353423.0,793994.0,0.0,0.0
224902,27538.0,135646.0,304740.0,0.0,0.0
229903,373956.0,1573599.0,3535222.0,0.0,0.0
81905,68470.0,318258.0,714994.0,0.0,0.0
43914,675004.0,3008909.0,6759766.0,1617759.0,1617759.0
221912,218589.0,924780.0,2077594.0,241584.0,241583.0
250905,76512.0,442734.0,994639.0,0.0,0.0
101873,113923.0,536770.0,1205899.0,0.0,0.0
101845,4518345.0,22118416.0,49690868.0,0.0,0.0
62903,385151.0,1644169.0,3693762.0,0.0,0.0
62904,106499.0,506808.0,1138587.0,0.0,0.0
71905,14302544.0,62172314.0,139675292.0,0.0,0.0
253901,1538030.0,7432980.0,16698810.0,0.0,0.0
3906,100200.0,524551.0,1178447.0,0.0,0.0
25906,59399.0,244291.0,548819.0,0.0,0.0
138904,0.0,155490.0,349322.0,0.0,0.0
174911,0.0,351699.0,790121.0,0.0,0.0
101877,0.0,80400.0,180625.0,0.0,0.0
131001,0.0,45118.0,101362.0,0.0,0.0
111801,0.0,95753.0,215118.0,0.0,0.0
22902,0.0,7007.0,15741.0,7442.0,7441.0
15842,0.0,258628.0,581030.0,0.0,0.0
117907,0.0,54568.0,122591.0,0.0,0.0
143905,0.0,49305.0,110768.0,0.0,0.0
220814,0.0,31710.0,71238.0,66078.0,66079.0
211901,0.0,58531.0,131494.0,0.0,0.0
143904,0.0,45028.0,101160.0,0.0,0.0
15834,0.0,0.0,0.0,987999.0,1010560.0
177903,0.0,0.0,0.0,74771.0,68495.0
57851,0.0,0.0,0.0,20002.0,20002.0
101837,0.0,0.0,0.0,101264.0,95430.0
227814,0.0,0.0,0.0,100485.0,95416.0
178807,0.0,0.0,0.0,85964.0,76244.0
133905,0.0,0.0,0.0,6667.0,7709.0
86024,0.0,0.0,0.0,19304.0,17260.0
92801,0.0,0.0,0.0,66761.0,61421.0
15836,0.0,0.0,0.0,160795.0,163838.0
242906,0.0,0.0,0.0,51332.0,50190.0
15914,0.0,0.0,0.0,639675.0,598534.0
90905,0.0,0.0,0.0,24682.0,22317.0
135001,0.0,0.0,0.0,37510.0,38075.0
244901,0.0,0.0,0.0,64390.0,57900.0
57911,0.0,0.0,0.0,1761134.0,1696136.0
43801,0.0,0.0,0.0,418353.0,402134.0
208903,0.0,0.0,0.0,92018.0,88128.0
61804,0.0,0.0,0.0,498963.0,482063.0
43802,0.0,0.0,0.0,82504.0,77147.0
162904,0.0,0.0,0.0,102361.0,97620.0
183801,0.0,0.0,0.0,147029.0,136204.0
15843,0.0,0.0,0.0,6250.0,6250.0
57840,0.0,0.0,0.0,87994.0,76465.0
236802,0.0,0.0,0.0,162247.0,181305.0
22903,0.0,0.0,0.0,2236.0,1977.0
178808,0.0,0.0,0.0,193252.0,180795.0
174801,0.0,0.0,0.0,67154.0,65180.0
227827,0.0,0.0,0.0,828651.0,828794.0
220801,0.0,0.0,0.0,144973.0,131167.0
61805,0.0,0.0,0.0,266416.0,246483.0
220810,0.0,0.0,0.0,245211.0,237534.0
