County,County Name, 2004-2005 ADA, 2005-2006 ADA, 2006-2007 ADA,2007-2008 ADA,2008-2009 ADA, 2009-2010 ADA,2010-2011 ADA, 2011-2012 ADA, 2012-2013 ADA, 2013-2014 ADA, 2014-2015 ADA, 2015-2016 ADA, 2016-2017 ADA, 2017-2018 ADA, 2018-2019 ADA, 2019-2020 ADA,2020-2021 ADA
001,ANDERSON COUNTY,"7,869.51","8,030.67","7,967.58","7,886.50","7,904.12","7,869.79","7,885.72","7,826.76","7,765.64","7,656.14","7,797.09","7,860.13","7,924.21","7,786.97","7,690.77","7,340.51",7213.337
002,ANDREWS COUNTY,"2,662.37","2,698.61","2,764.91","2,799.61","2,851.75","2,881.89","2,976.63","3,157.86","3,366.74","3,553.75","3,753.99","3,749.55","3,757.70","3,840.23","4,085.36","4,064.98",4068.126
003,ANGELINA COUNTY,"15,480.14","15,632.00","15,622.21","15,601.92","15,679.57","15,806.80","16,022.74","16,128.04","16,181.51","16,217.05","16,267.81","16,238.35","16,206.69","15,973.61","15,763.88","15,282.64",14801.498
004,ARANSAS COUNTY,"3,097.70","3,079.01","3,014.32","2,920.66","2,840.06","2,916.07","2,847.70","2,919.41","2,940.20","2,998.33","3,064.27","3,160.79","3,148.96","3,192.18","2,641.35","2,680.59",2681.159
005,ARCHER COUNTY,"1,889.65","1,855.94","1,762.15","1,745.56","1,730.22","1,749.36","1,778.10","1,756.32","1,759.21","1,755.99","1,742.21","1,761.83","1,788.15","1,806.48","1,839.82","1,826.43",1884.252
006,ARMSTRONG COUNTY,364.24,353.32,339.72,343.28,333.62,310.56,334.95,351.42,341.02,349.71,336.25,326.75,309.71,337.65,328.84,301.86,277.976
007,ATASCOSA COUNTY,"7,933.79","7,944.79","7,940.79","8,036.37","8,095.11","8,073.16","8,182.08","8,248.09","8,308.97","8,446.10","8,439.00","8,391.72","8,267.87","8,343.21","8,297.69","8,055.53",7785.728
008,AUSTIN COUNTY,"5,211.19","5,306.89","5,291.86","5,302.66","5,277.87","5,263.70","5,264.52","5,318.95","5,285.54","5,381.23","5,454.90","5,535.86","5,521.25","5,531.38","5,471.46","5,374.99",5406.785
009,BAILEY COUNTY,"1,411.96","1,389.31","1,385.67","1,379.93","1,349.96","1,330.83","1,375.85","1,406.63","1,380.15","1,348.60","1,333.15","1,348.72","1,356.53","1,341.46","1,306.43","1,216.65",1204.291
010,BANDERA COUNTY,"2,775.92","2,702.00","2,677.15","2,666.40","2,627.16","2,635.14","2,545.18","2,502.47","2,463.12","2,406.14","2,317.73","2,299.37","2,342.89","2,351.15","2,301.35","2,272.41",2291.443
011,BASTROP COUNTY,"12,085.93","12,395.47","12,653.39","12,996.42","13,359.62","13,585.57","13,824.17","13,972.92","14,268.50","14,565.88","15,003.05","15,359.29","15,655.23","15,982.23","16,262.29","16,202.71",16441.785
012,BAYLOR COUNTY,595.12,579.64,586.97,561.14,529.62,544.17,546.40,533.96,544.71,530.96,559.08,561.50,554.06,544.20,547.72,536.43,574.817
013,BEE COUNTY,"4,747.52","4,771.84","4,777.73","4,745.73","4,747.32","4,824.18","4,860.44","4,845.94","4,802.46","4,771.38","4,823.24","4,903.97","4,797.66","4,770.16","4,788.78","4,554.76",4448.232
014,BELL COUNTY,"50,448.79","51,762.32","53,991.45","55,625.69","56,535.89","57,715.68","59,103.12","60,579.84","61,598.34","62,950.58","65,571.44","67,013.47","68,071.61","68,967.73","69,996.89","68,526.33",69078.083
015,BEXAR COUNTY,"263,286.58","271,044.41","277,210.73","283,058.02","289,511.83","296,181.99","302,619.76","307,610.57","312,937.22","317,837.92","323,049.98","325,725.92","325,698.04","324,288.24","319,248.16","309,616.61",314800.159
016,BLANCO COUNTY,"1,581.08","1,588.98","1,593.05","1,580.47","1,562.20","1,558.83","1,584.83","1,603.70","1,586.69","1,599.36","1,600.71","1,613.42","1,641.22","1,602.39","1,585.78","1,563.96",1536.781
017,BORDEN COUNTY,161.73,156.57,143.71,159.53,188.16,212.55,216.07,203.63,229.24,241.57,240.40,237.95,239.73,221.09,202.73,195.84,213.923
018,BOSQUE COUNTY,"3,086.70","3,091.25","2,968.24","2,932.62","2,877.88","2,915.30","2,888.79","2,893.24","2,738.21","2,731.02","2,706.00","2,686.08","2,730.66","2,724.85","2,718.10","2,602.92",2573.053
019,BOWIE COUNTY,"15,656.36","15,772.01","15,823.89","15,934.07","16,167.11","16,336.74","16,365.90","16,374.26","16,434.52","16,425.94","16,315.62","16,304.29","16,279.79","16,239.43","16,144.64","17,074.29",16159.782
020,BRAZORIA COUNTY,"48,835.25","50,778.54","52,424.89","53,833.96","54,818.03","56,018.84","57,164.18","58,184.59","59,437.68","60,790.09","62,529.40","64,437.51","66,336.05","67,442.99","68,160.47","68,022.36",68680.539
021,BRAZOS COUNTY,"21,262.42","21,947.19","22,301.30","22,781.58","23,727.97","24,410.67","24,693.04","25,353.53","26,045.16","26,900.29","27,721.17","28,168.02","28,362.61","28,745.50","28,449.19","27,938.96",28682.943
022,BREWSTER COUNTY,"1,269.18","1,189.27","1,147.05","1,138.38","1,147.61","1,171.31","1,183.18","1,208.12","1,172.48","1,122.25","1,100.44","1,159.84","1,212.25","1,165.74","1,095.13","1,090.32",1055.969
023,BRISCOE COUNTY,204.35,201.93,194.16,183.51,168.58,159.23,167.85,167.16,184.48,176.62,171.05,164.71,184.64,192.66,181.51,170.74,170.056
024,BROOKS COUNTY,"1,564.79","1,553.76","1,512.81","1,436.95","1,389.91","1,394.02","1,363.59","1,399.32","1,423.77","1,411.98","1,408.76","1,432.93","1,428.70","1,440.83","1,383.16","1,179.99",1286.739
025,BROWN COUNTY,"6,903.84","6,907.22","6,896.80","6,751.76","6,442.84","6,468.36","6,525.38","6,406.73","6,152.89","6,189.54","6,285.47","6,286.00","6,184.05","6,142.18","6,046.78","5,698.54",5703.508
026,BURLESON COUNTY,"2,897.69","2,838.47","2,732.64","2,672.84","2,636.61","2,658.14","2,655.31","2,675.52","2,602.27","2,599.56","2,554.07","2,547.98","2,524.12","2,588.18","2,573.15","2,485.60",2516.761
027,BURNET COUNTY,"6,380.63","6,641.00","6,769.12","6,814.03","6,829.30","6,770.96","6,879.42","6,831.23","6,763.04","6,775.57","6,689.19","6,812.42","6,824.19","6,847.29","6,901.56","6,816.63",6667.257
028,CALDWELL COUNTY,"5,824.38","5,855.99","5,727.99","5,706.90","5,721.88","5,762.43","5,851.81","5,939.81","6,051.74","6,244.60","6,324.60","6,422.92","6,743.37","6,858.97","7,059.45","6,901.62",6807.915
029,CALHOUN COUNTY,"3,902.56","3,969.69","3,966.26","3,944.87","3,993.04","3,878.50","3,861.21","3,851.49","3,887.15","3,918.95","3,848.29","3,817.29","3,676.39","3,593.33","3,511.58","3,406.93",3250.606
030,CALLAHAN COUNTY,"2,568.71","2,512.95","2,466.47","2,396.98","2,371.66","2,328.94","2,338.44","2,316.40","2,245.19","2,300.84","2,341.26","2,383.81","2,338.42","2,326.50","2,328.34","2,238.78",2265.307
031,CAMERON COUNTY,"86,871.27","88,861.47","89,663.43","90,917.18","91,767.71","93,660.52","95,359.70","95,739.88","95,523.92","95,507.80","94,324.75","94,202.91","93,064.35","91,008.35","89,563.73","81,621.92",84651.317
032,CAMP COUNTY,"2,241.77","2,266.29","2,290.73","2,260.51","2,213.02","2,259.49","2,328.52","2,310.59","2,330.17","2,285.73","2,284.57","2,310.55","2,272.40","2,186.13","2,199.51","2,163.69",2178.13
033,CARSON COUNTY,"1,166.72","1,184.16","1,176.55","1,166.15","1,135.50","1,116.20","1,110.14","1,085.90","1,097.10","1,080.65","1,069.17","1,076.93","1,123.53","1,136.27","1,101.15","1,078.13",1069.241
034,CASS COUNTY,"5,439.80","5,371.15","5,305.74","5,271.06","5,256.04","5,248.54","5,202.61","5,248.52","5,256.60","5,207.41","5,185.54","5,110.20","5,062.08","5,049.32","5,065.28","4,921.39",4959.433
035,CASTRO COUNTY,"1,614.94","1,591.03","1,583.15","1,560.36","1,565.57","1,614.66","1,611.51","1,576.11","1,581.61","1,562.35","1,540.21","1,544.03","1,557.01","1,553.75","1,527.28","1,458.78",1481.334
036,CHAMBERS COUNTY,"5,595.90","5,807.38","5,886.73","6,047.42","6,240.39","6,312.34","6,396.05","6,576.37","6,699.24","6,939.25","7,135.76","7,349.24","7,626.16","7,779.44","8,061.77","8,629.89",8975.196
037,CHEROKEE COUNTY,"7,586.52","7,584.63","7,684.32","7,663.97","7,650.14","7,814.33","7,963.25","7,994.69","7,913.64","7,953.25","8,010.40","7,939.49","7,918.33","7,890.50","7,767.76","7,502.19",7522.564
038,CHILDRESS COUNTY,"1,055.94","1,114.09","1,090.91","1,060.76","1,040.39","1,055.25","1,033.61","1,051.88","1,062.60","1,079.88","1,082.56","1,077.61","1,069.37","1,042.77","1,023.41",975.71,925.784
039,CLAY COUNTY,"1,871.27","1,828.84","1,788.94","1,737.78","1,709.89","1,667.86","1,671.17","1,617.13","1,538.78","1,601.78","1,635.01","1,614.92","1,619.60","1,591.47","1,526.55","1,515.15",1496.418
040,COCHRAN COUNTY,820.91,804.55,776.18,744.13,717.72,702.57,681.95,655.05,710.36,753.28,724.06,696.26,686.41,649.63,647.60,631.09,645.972
041,COKE COUNTY,760.04,775.06,754.15,719.55,563.57,532.71,511.94,481.17,463.05,466.04,496.44,503.92,506.76,468.25,473.34,459.78,448.732
042,COLEMAN COUNTY,"1,455.35","1,478.02","1,460.51","1,434.48","1,439.08","1,412.30","1,323.75","1,280.62","1,225.66","1,188.25","1,227.72","1,228.87","1,219.54","1,205.03","1,157.70","1,084.98",1136.253
043,COLLIN COUNTY,"114,853.88","123,812.68","132,202.10","139,861.52","146,920.29","153,629.26","160,738.67","165,856.61","170,531.75","176,304.25","182,257.67","188,520.26","194,038.46","199,477.30","204,535.84","210,559.79",216045.193
044,COLLINGSWORTH COUNTY,622.96,607.80,591.73,612.59,596.20,592.30,555.04,535.96,537.17,554.98,555.36,551.26,545.72,548.60,539.25,521.96,476.619
045,COLORADO COUNTY,"3,378.38","3,282.76","3,208.08","3,144.67","3,181.86","3,209.59","3,180.18","3,200.71","3,252.86","3,245.74","3,270.55","3,302.06","3,321.07","3,278.54","3,269.27","3,154.46",3164.888
046,COMAL COUNTY,"18,194.43","19,391.33","20,251.75","21,341.05","22,527.37","23,311.42","23,935.88","24,566.45","25,372.96","26,588.96","27,650.24","28,544.01","29,643.02","30,616.36","31,563.55","32,561.57",33881.228
047,COMANCHE COUNTY,"2,263.91","2,225.76","2,235.80","2,178.10","2,110.01","2,115.06","2,092.88","2,088.22","2,084.45","2,125.00","2,089.69","2,123.63","2,148.00","2,123.10","2,139.19","2,133.38",1881.903
048,CONCHO COUNTY,432.16,416.48,408.71,405.48,394.07,384.03,375.16,410.21,439.12,441.33,429.55,464.28,453.17,437.13,421.03,410.31,437.804
049,COOKE COUNTY,"6,218.19","6,206.03","6,121.17","6,089.89","6,033.57","5,967.31","5,955.29","6,047.51","5,807.78","5,918.05","5,970.78","5,988.95","6,093.84","6,195.40","6,351.57","6,136.99",6237.499
050,CORYELL COUNTY,"9,707.17","9,800.31","10,150.80","10,149.37","10,361.97","10,480.96","10,577.98","10,608.35","10,639.48","10,588.36","10,450.54","10,546.02","10,712.81","10,677.37","10,757.55","10,723.85",10903.304
051,COTTLE COUNTY,246.30,227.24,234.50,224.18,235.39,227.74,217.73,206.70,201.06,189.06,183.34,188.21,194.29,194.54,185.18,175.85,173.731
052,CRANE COUNTY,862.52,839.72,879.66,886.85,910.97,904.61,903.50,931.37,960.05,"1,015.63","1,037.93","1,036.80","1,004.40","1,040.27","1,053.81","1,042.77",1030.27
053,CROCKETT COUNTY,768.72,744.20,729.64,725.17,707.00,691.92,692.58,709.89,732.94,728.77,765.43,746.39,719.56,692.54,725.44,735.84,703.688
054,CROSBY COUNTY,"1,278.88","1,302.70","1,249.71","1,175.39","1,134.68","1,158.80","1,160.75","1,145.33","1,125.72","1,084.54","1,118.56","1,121.21","1,089.71","1,048.52","1,042.89",927.16,903.638
055,CULBERSON COUNTY,577.01,555.26,533.88,496.72,481.57,437.48,413.06,416.74,391.26,408.19,396.10,391.32,373.04,338.81,326.24,305.89,327.358
056,DALLAM COUNTY,"1,643.54","1,597.48","1,591.02","1,652.90","1,622.53","1,649.70","1,686.27","1,754.23","1,720.68","1,773.86","1,787.13","1,778.13","1,773.82","1,774.84","1,737.02","1,679.17",1662.029
057,DALLAS COUNTY,"402,834.58","409,472.34","409,159.79","413,131.25","416,889.85","420,707.52","424,348.94","433,924.06","440,970.61","451,266.46","460,319.05","464,956.83","472,488.10","474,816.48","472,357.70","449,029.19",464651.558
058,DAWSON COUNTY,"2,450.53","2,450.01","2,373.63","2,353.06","2,327.70","2,308.07","2,299.94","2,296.79","2,357.37","2,411.01","2,454.41","2,466.03","2,384.18","2,306.85","2,255.94","2,181.26",2163.174
059,DEAF SMITH COUNTY,"3,858.33","3,882.79","3,952.23","3,984.32","3,930.71","4,028.87","4,053.98","4,078.78","4,023.06","4,016.65","4,009.41","4,034.09","3,978.36","3,943.75","3,896.63","3,654.39",3632.963
060,DELTA COUNTY,"1,031.37","1,002.10",985.37,949.75,974.60,951.45,927.06,904.83,906.20,911.31,913.98,905.84,906.73,912.65,891.66,817.91,895.833
061,DENTON COUNTY,"82,454.63","88,042.96","93,151.83","96,914.33","100,666.80","103,139.19","106,839.35","109,666.64","112,133.82","114,705.13","117,158.93","119,313.43","122,176.99","123,921.59","126,475.64","127,693.03",128270.648
062,DEWITT COUNTY,"4,255.19","4,168.86","4,116.64","4,023.55","3,981.55","3,982.44","4,010.13","4,122.75","4,162.23","4,218.62","4,249.93","4,274.09","4,138.76","4,171.80","4,147.93","3,969.64",3716.645
063,DICKENS COUNTY,379.57,366.36,372.31,364.25,343.36,364.24,357.30,344.06,354.13,348.64,337.06,356.84,351.10,327.64,314.79,316.99,306.354
064,DIMMIT COUNTY,"2,231.49","2,224.73","2,221.38","2,141.19","2,091.28","2,109.09","2,138.90","2,148.60","2,204.06","2,259.92","2,245.35","2,132.07","2,026.19","2,030.50","2,014.80","1,848.79",1850.082
065,DONLEY COUNTY,654.96,658.02,643.09,628.33,619.60,620.54,593.51,560.33,539.35,536.54,549.65,564.88,547.86,530.82,519.26,500.47,503.772
066,DUVAL COUNTY,"2,654.92","2,590.58","2,486.60","2,395.49","2,371.01","2,359.53","2,367.88","2,303.57","2,282.55","2,277.44","2,287.58","2,332.81","2,334.01","2,323.91","2,320.65","2,195.34",2300.842
067,EASTLAND COUNTY,"2,953.41","2,892.40","2,906.73","2,870.16","2,879.25","2,845.96","2,790.23","2,781.52","2,779.17","2,738.25","2,708.89","2,680.89","2,662.76","2,615.76","2,609.03","2,487.92",2482.468
068,ECTOR COUNTY,"24,149.43","24,063.32","24,300.65","24,405.72","25,279.87","25,393.20","25,995.49","26,736.79","27,761.06","29,194.90","29,829.52","29,967.01","30,057.25","30,711.61","31,575.62","31,655.22",30620.946
069,EDWARDS COUNTY,655.32,634.41,625.46,611.61,586.91,565.23,542.34,527.98,502.64,521.55,514.32,519.20,524.09,531.96,527.05,513.15,489.805
070,ELLIS COUNTY,"26,129.15","27,021.15","27,580.14","28,160.37","29,114.61","29,705.19","30,380.93","30,536.41","30,672.87","31,157.37","31,641.02","34,239.07","34,862.28","35,559.01","36,623.64","37,052.00",37878.781
071,EL PASO COUNTY,"155,641.49","158,548.13","159,483.19","159,783.63","161,185.34","164,193.70","167,683.31","168,982.22","168,199.54","166,636.68","166,482.40","166,076.53","164,900.16","163,443.56","161,757.37","152,020.34",154834.966
072,ERATH COUNTY,"5,150.04","5,239.09","5,257.28","5,334.06","5,431.65","5,436.13","5,511.65","8,568.08","8,466.89","8,217.06","8,324.02","10,344.19","11,820.34","11,296.13","9,917.77","10,023.96",11139.941
073,FALLS COUNTY,"3,068.61","3,017.84","2,841.96","2,400.42","2,395.77","2,359.59","2,307.72","2,257.26","2,169.04","2,092.91","2,040.63","1,970.21","1,995.67","1,963.13","2,034.42","1,978.78",1967.798
074,FANNIN COUNTY,"5,039.81","5,031.90","5,086.31","5,058.66","5,005.42","4,955.44","4,938.44","4,891.95","4,928.90","4,984.21","4,886.69","4,888.65","4,954.83","5,013.94","5,061.06","4,998.32",4940.02
075,FAYETTE COUNTY,"3,442.71","3,427.25","3,465.84","3,395.38","3,383.64","3,407.33","3,412.18","3,402.66","3,438.14","3,484.53","3,468.82","3,599.65","3,615.61","3,569.76","3,519.49","3,472.14",3424.525
076,FISHER COUNTY,662.66,643.81,615.93,598.93,593.84,582.44,557.19,522.50,501.15,494.28,487.63,488.74,487.18,510.71,498.86,501.84,509.628
077,FLOYD COUNTY,"1,571.81","1,523.97","1,463.11","1,409.87","1,364.25","1,295.82","1,295.59","1,263.85","1,202.20","1,158.80","1,154.53","1,182.35","1,172.37","1,116.81","1,094.95",999.25,1038.393
078,FOARD COUNTY,257.06,263.41,254.85,243.64,226.65,213.61,217.27,201.37,200.30,205.82,186.93,180.59,195.78,195.04,195.28,204.37,211.579
079,FORT BEND COUNTY,"82,662.72","86,696.05","88,322.09","90,268.17","92,379.52","93,767.11","94,406.95","95,427.91","96,557.74","99,011.02","101,413.41","104,116.24","106,183.23","108,620.19","110,174.08","111,479.08",114825.262
080,FRANKLIN COUNTY,"1,425.69","1,455.57","1,487.95","1,432.49","1,439.59","1,450.35","1,478.54","1,482.40","1,500.55","1,536.26","1,562.68","1,564.34","1,529.76","1,528.06","1,523.49","1,403.03",1458.065
081,FREESTONE COUNTY,"3,210.11","3,325.80","3,381.35","3,415.55","3,436.06","3,458.45","3,441.67","3,426.50","3,418.64","3,467.33","3,476.17","3,551.22","3,542.99","3,463.89","3,405.53","3,280.07",3262.31
082,FRIO COUNTY,"2,908.92","2,919.90","2,928.53","2,919.52","2,904.76","2,915.05","2,883.63","2,921.90","2,895.45","2,992.42","2,999.77","2,946.40","2,937.49","2,944.13","2,854.39","2,746.81",2727.075
083,GAINES COUNTY,"2,688.50","2,738.89","2,762.20","2,781.09","2,841.04","2,899.16","2,954.53","2,991.98","3,089.42","3,176.73","3,263.04","3,275.78","3,267.18","3,316.11","3,389.64","3,382.80",3319.065
084,GALVESTON COUNTY,"66,722.79","68,216.51","68,532.26","68,993.78","70,758.89","69,911.96","70,757.72","71,895.41","72,844.70","73,738.41","75,292.63","76,207.26","76,642.51","77,637.23","76,643.47","75,921.24",76043.914
085,GARZA COUNTY,"1,071.97","1,033.02",980.59,948.59,931.09,911.96,857.53,887.44,904.52,"1,000.65",971.48,975.06,954.18,915.28,880.79,847.24,857.273
086,GILLESPIE COUNTY,"3,226.67","3,241.66","3,193.27","3,233.08","3,264.17","3,369.39","3,380.37","3,330.36","3,381.28","3,369.46","3,437.13","3,522.30","3,554.19","3,538.09","3,478.34","3,455.44",3387.92
087,GLASSCOCK COUNTY,287.27,278.10,271.65,259.69,249.38,260.54,265.77,264.18,267.44,276.01,284.45,291.32,284.34,288.35,281.98,274.37,270.911
088,GOLIAD COUNTY,"1,234.74","1,220.40","1,240.83","1,234.35","1,231.85","1,262.36","1,280.71","1,258.62","1,256.64","1,279.14","1,304.53","1,264.40","1,236.47","1,216.44","1,224.27","1,179.98",1158.381
089,GONZALES COUNTY,"3,543.94","3,459.99","3,452.27","3,438.93","3,475.69","3,495.99","3,573.94","3,747.48","3,804.41","3,817.08","3,852.89","3,904.61","3,945.05","3,872.00","3,854.91","3,763.93",3589.764
090,GRAY COUNTY,"3,446.02","3,450.07","3,518.68","3,532.66","3,529.47","3,524.43","3,578.46","3,758.34","3,757.95","3,843.62","3,905.61","3,841.19","3,766.33","3,711.29","3,647.08","3,370.38",3496.215
091,GRAYSON COUNTY,"19,601.69","19,748.24","19,808.17","19,732.88","19,641.80","19,602.88","19,577.85","19,744.91","19,819.50","20,145.18","20,407.32","20,722.40","21,038.07","21,493.72","21,874.32","21,617.65",22112.27
092,GREGG COUNTY,"21,642.70","21,715.95","21,626.07","21,479.78","21,681.73","21,702.91","22,015.28","22,241.55","22,259.34","22,229.46","22,453.59","22,697.90","22,562.54","22,499.23","22,472.11","21,735.55",21936.06
093,GRIMES COUNTY,"3,832.58","3,871.73","3,910.06","3,865.72","3,886.49","3,881.24","3,980.79","3,997.03","3,994.34","4,071.04","4,129.72","4,172.81","4,206.41","4,214.44","4,198.60","4,096.32",4080.855
094,GUADALUPE COUNTY,"16,918.56","17,804.57","18,797.00","19,494.00","20,253.36","20,636.15","21,330.51","21,945.61","22,382.93","22,894.60","23,437.72","24,046.20","24,287.20","24,479.08","24,692.19","24,458.10",24542.249
095,HALE COUNTY,"7,395.82","7,364.33","7,238.73","6,969.01","6,933.43","7,020.42","7,058.05","7,013.06","6,937.29","6,767.41","6,781.58","6,834.80","6,781.28","6,699.14","6,584.24","6,230.38",6028.7
096,HALL COUNTY,765.09,741.96,735.80,746.54,736.57,694.62,700.73,727.91,682.73,644.82,656.43,632.35,655.83,636.60,635.37,567.03,571.602
097,HAMILTON COUNTY,"1,513.97","1,488.78","1,473.22","1,449.54","1,431.85","1,424.97","1,322.76","1,267.71","1,213.68","1,217.44","1,236.54","1,242.34","1,294.67","1,312.61","1,297.91","1,237.19",1270.039
098,HANSFORD COUNTY,"1,177.78","1,176.50","1,183.57","1,205.88","1,242.42","1,246.95","1,281.12","1,256.96","1,309.46","1,309.59","1,339.51","1,337.94","1,319.47","1,346.74","1,323.54","1,267.87",1261.094
099,HARDEMAN COUNTY,774.12,765.25,724.68,715.67,696.95,691.12,698.85,679.94,668.14,682.58,673.55,721.29,708.08,690.81,648.51,648.56,676.911
100,HARDIN COUNTY,"10,099.46","9,968.91","9,926.17","9,999.71","10,260.42","10,084.06","10,107.30","10,010.74","9,899.68","9,841.67","10,023.29","10,045.09","10,053.75","10,142.28","10,278.41","10,270.06",10323.454
101,HARRIS COUNTY,"668,960.97","691,528.72","698,384.28","709,898.34","725,673.41","740,813.15","755,173.05","768,076.23","782,058.12","801,062.10","821,272.84","833,591.54","839,003.04","847,777.47","826,603.73","800,381.14",815074.956
102,HARRISON COUNTY,"11,431.16","11,481.93","11,496.53","11,534.33","11,776.60","11,945.77","12,061.95","12,145.69","12,100.52","12,219.06","12,275.55","12,326.04","12,256.54","12,154.67","15,790.97","17,215.90",21646.053
103,HARTLEY COUNTY,257.16,275.60,295.75,315.45,334.04,334.18,325.91,323.47,350.09,319.46,340.83,352.86,388.66,390.00,374.78,375.41,387.568
104,HASKELL COUNTY,916.52,851.59,857.42,842.18,837.12,866.58,872.46,853.61,839.67,817.84,802.99,813.49,803.37,752.67,738.62,726.78,711.004
105,HAYS COUNTY,"21,039.85","22,002.37","23,441.85","24,718.76","25,689.43","26,628.19","27,467.88","28,359.69","29,126.00","30,251.94","31,448.40","32,601.63","33,599.04","34,655.32","35,191.69","35,695.80",35890.166
106,HEMPHILL COUNTY,613.15,632.47,643.43,680.11,726.90,739.94,774.09,813.31,881.99,907.64,948.36,951.83,917.11,871.97,844.84,793.79,806.308
107,HENDERSON COUNTY,"9,835.27","9,828.80","9,659.18","9,642.48","9,627.42","9,655.14","9,688.56","9,662.82","9,601.50","9,612.16","9,461.93","9,545.25","9,420.28","9,371.23","9,379.96","9,025.94",9237.882
108,HIDALGO COUNTY,"160,644.26","166,215.19","171,727.17","177,987.64","183,005.71","188,154.76","193,473.33","196,908.12","200,647.85","205,375.19","207,887.97","213,191.55","217,355.69","222,298.60","226,421.60","217,753.90",236114.01
109,HILL COUNTY,"5,794.24","5,811.76","5,791.62","5,841.37","5,954.39","5,956.26","5,945.96","5,956.68","5,982.39","5,939.00","5,855.93","5,878.90","6,071.84","6,081.10","6,058.00","5,839.03",5871.381
110,HOCKLEY COUNTY,"4,468.80","4,392.13","4,436.42","4,372.92","4,359.06","4,325.47","4,278.97","4,388.80","4,386.01","4,430.03","4,483.91","4,476.82","4,484.84","4,441.17","4,387.74","4,258.89",4268.178
111,HOOD COUNTY,"7,025.67","7,168.91","7,184.57","7,202.51","7,185.25","7,054.00","6,977.26","6,996.17","6,939.14","7,128.28","7,349.94","7,556.01","7,670.98","7,690.51","8,017.92","7,962.75",8052.311
112,HOPKINS COUNTY,"6,053.59","6,107.38","6,106.36","6,039.42","6,106.64","6,074.77","6,065.94","6,042.26","6,056.81","6,139.33","6,197.80","6,228.52","6,304.50","6,265.85","6,321.61","6,186.71",6406.363
113,HOUSTON COUNTY,"3,511.93","3,457.82","3,361.01","3,284.82","3,209.17","3,141.73","3,073.76","2,879.49","2,765.77","2,825.94","2,849.03","2,808.74","2,902.66","2,881.26","2,898.07","2,723.72",2773.232
114,HOWARD COUNTY,"4,924.73","4,930.34","4,944.63","4,995.31","5,020.17","5,003.36","4,997.98","5,052.22","5,248.54","5,330.64","5,429.97","5,358.10","5,230.44","5,329.96","5,410.05","5,294.57",5160.76
115,HUDSPETH COUNTY,818.69,788.76,748.81,693.70,705.19,742.06,723.41,684.98,658.69,630.23,610.37,599.18,558.90,542.53,539.30,508.86,547.398
116,HUNT COUNTY,"13,493.97","13,493.15","13,511.56","13,309.50","13,219.64","13,384.16","13,379.44","13,311.49","13,317.39","13,475.90","13,363.50","13,636.41","13,867.15","13,953.95","13,995.69","13,465.52",13860.264
117,HUTCHINSON COUNTY,"4,026.42","4,062.33","4,005.12","3,878.28","3,923.79","3,965.42","3,909.85","3,942.29","3,914.41","3,954.43","3,939.39","3,850.51","3,883.22","3,803.61","3,756.83","3,635.81",3566.428
118,IRION COUNTY,343.36,346.32,341.48,331.62,322.61,319.39,323.62,309.34,292.26,311.87,313.67,308.16,249.71,264.12,252.92,280.35,287.55
119,JACK COUNTY,"1,527.64","1,533.08","1,523.30","1,481.96","1,479.10","1,457.62","1,421.63","1,442.89","1,474.81","1,469.22","1,478.84","1,484.97","1,525.57","1,531.63","1,534.22","1,484.38",1526.208
120,JACKSON COUNTY,"2,946.93","2,931.65","2,961.74","2,975.64","3,030.54","3,002.54","3,001.23","3,076.32","3,223.47","3,292.53","3,329.87","3,310.29","3,295.48","3,271.59","3,258.50","3,030.75",3183.426
121,JASPER COUNTY,"6,457.18","6,305.25","6,139.22","6,138.50","6,105.12","6,102.77","6,119.16","6,075.19","5,995.38","5,906.18","5,886.08","5,910.07","5,897.03","5,999.69","5,746.10","5,385.13",5348.497
122,JEFF DAVIS COUNTY,394.24,382.48,379.09,380.13,370.22,342.70,330.09,329.68,280.93,249.36,241.37,253.07,251.44,243.21,249.54,239.95,227.061
123,JEFFERSON COUNTY,"40,513.55","39,165.20","38,418.63","38,412.90","38,597.12","38,414.25","38,295.63","38,262.71","38,403.49","38,361.97","38,368.25","38,354.52","38,628.00","38,799.77","37,751.07","36,464.24",36265.161
124,JIM HOGG COUNTY,"1,028.36","1,004.33",983.93,994.20,"1,008.82","1,007.62","1,027.18","1,005.87","1,013.67","1,001.79","1,035.08","1,038.58","1,060.15","1,050.33","1,054.43",993.69,1038.796
125,JIM WELLS COUNTY,"8,160.81","8,065.88","7,948.22","7,818.53","7,735.14","7,637.67","7,625.69","7,699.92","7,765.24","7,721.33","7,574.44","7,557.92","7,511.15","7,367.24","7,185.24","6,814.84",7009.806
126,JOHNSON COUNTY,"26,120.68","26,488.31","27,100.91","27,768.69","28,578.70","28,998.10","29,416.33","29,607.56","29,918.19","30,343.99","30,755.32","31,572.83","32,527.25","33,105.99","33,752.04","33,708.79",34400.081
127,JONES COUNTY,"2,665.69","2,579.66","2,566.00","2,518.92","2,545.01","2,525.08","2,480.91","2,448.98","2,450.61","2,487.16","2,481.79","2,470.23","2,474.40","2,477.40","2,499.62","2,432.94",2437.885
128,KARNES COUNTY,"2,275.27","2,243.11","2,203.52","2,146.49","2,118.60","2,124.10","2,136.40","2,205.22","2,225.04","2,267.16","2,325.99","2,318.41","2,334.52","2,347.73","2,242.72","2,215.42",2601.834
129,KAUFMAN COUNTY,"18,638.58","19,749.67","20,843.63","21,798.73","22,324.27","22,693.09","23,064.98","23,514.13","23,709.55","24,081.74","24,581.14","25,212.23","26,078.69","27,110.95","28,539.19","29,222.03",30541.303
130,KENDALL COUNTY,"6,513.37","6,875.71","7,031.04","7,097.30","7,128.48","7,215.21","7,489.06","7,605.18","7,891.54","8,048.88","8,330.01","8,722.72","9,059.11","9,427.68","9,823.99","9,858.21",10395.157
131,KENEDY COUNTY,67.77,67.16,72.59,75.29,75.64,73.74,72.30,74.95,73.66,71.57,66.71,65.35,62.26,64.94,57.23,63.43,75.496
132,KENT COUNTY,124.04,117.31,134.32,133.75,129.99,129.38,140.29,144.45,129.05,126.74,111.33,110.50,118.36,130.79,138.34,157.54,164.064
133,KERR COUNTY,"6,538.17","6,558.98","6,476.92","6,414.68","6,457.17","6,433.20","6,249.67","6,229.02","6,231.78","6,313.63","6,362.23","6,386.84","6,363.95","6,386.77","6,387.87","6,050.07",6161.84
134,KIMBLE COUNTY,688.24,666.29,634.77,629.14,641.08,629.85,638.51,618.09,622.74,617.24,612.29,608.86,575.95,557.12,547.39,519.37,530.595
135,KING COUNTY,93.45,92.93,90.08,88.21,92.21,116.40,110.48,96.20,90.83,102.74,108.89,107.84,102.43,95.81,95.17,95.09,112.319
136,KINNEY COUNTY,591.50,594.73,577.60,564.18,561.33,570.06,583.90,547.80,577.73,599.49,581.02,570.03,568.24,539.55,515.39,516.46,497.987
137,KLEBERG COUNTY,"5,169.53","5,120.89","5,048.27","5,063.98","4,991.16","4,905.09","4,936.75","4,772.37","4,749.33","4,667.57","4,656.11","4,764.18","4,758.35","4,757.20","4,707.43","4,273.44",4344.322
138,KNOX COUNTY,779.90,761.16,728.36,695.86,699.01,705.12,664.33,675.41,691.39,726.22,718.06,711.34,719.30,686.46,685.73,669.26,680.569
139,LAMAR COUNTY,"8,684.83","8,676.92","8,572.22","8,519.86","8,375.06","8,247.90","8,213.98","8,161.01","8,069.26","8,095.83","7,976.43","8,014.91","7,970.12","7,964.03","7,848.93","7,666.87",7452.09
140,LAMB COUNTY,"3,066.21","3,037.62","2,928.70","2,949.51","2,905.55","2,917.63","2,911.12","2,893.77","2,861.84","2,808.57","2,834.26","2,843.14","2,774.08","2,738.39","2,706.08","2,505.07",2528.993
141,LAMPASAS COUNTY,"3,400.54","3,447.52","3,536.63","3,522.17","3,424.18","3,424.21","3,455.71","3,415.69","3,473.72","3,466.10","3,384.36","3,423.61","3,391.17","3,357.62","3,403.62","3,378.45",3509.299
142,LA SALLE COUNTY,"1,129.87","1,123.72","1,086.74","1,094.81","1,090.98","1,074.17","1,084.75","1,095.88","1,154.26","1,210.96","1,226.99","1,237.58","1,247.72","1,243.46","1,217.54","1,181.21",1131.785
143,LAVACA COUNTY,"2,008.73","1,975.86","1,930.04","1,932.27","1,910.54","1,891.42","1,926.10","2,010.57","2,031.11","2,082.52","2,138.91","2,189.63","2,247.31","2,266.24","2,254.98","2,243.11",2260.65
144,LEE COUNTY,"3,129.50","3,152.40","3,183.47","3,119.11","3,095.44","3,071.44","3,044.37","3,112.35","2,825.79","2,883.40","2,926.87","2,897.95","2,893.61","2,887.73","2,861.62","2,872.83",2900.847
145,LEON COUNTY,"2,797.81","2,797.53","2,819.78","2,812.77","2,833.70","2,872.84","2,887.63","2,874.78","2,815.66","2,835.32","2,889.63","2,927.54","2,898.93","2,956.79","2,912.53","2,780.54",2895.259
146,LIBERTY COUNTY,"13,694.59","13,575.75","13,526.14","13,368.23","13,663.80","13,565.24","13,602.17","13,559.25","13,604.18","13,688.21","13,871.73","14,384.12","15,145.74","15,835.76","16,755.20","17,389.79",18670.437
147,LIMESTONE COUNTY,"3,925.26","3,833.67","3,740.44","3,669.92","3,711.45","3,672.27","3,641.74","3,694.43","3,742.28","3,755.89","3,752.78","3,691.56","3,679.76","3,619.94","3,566.40","3,329.55",3348.528
148,LIPSCOMB COUNTY,658.50,657.10,680.06,708.46,721.41,719.24,742.26,747.91,759.80,767.71,781.48,761.03,744.65,706.53,676.92,523.45,615.904
149,LIVE OAK COUNTY,"1,753.61","1,716.22","1,674.45","1,634.39","1,623.05","1,626.37","1,588.56","1,569.01","1,618.61","1,641.40","1,709.95","1,645.98","1,629.11","1,617.82","1,606.09","1,582.73",1503.437
150,LLANO COUNTY,"1,790.66","1,733.53","1,821.49","1,809.90","1,812.41","1,784.02","1,745.24","1,716.98","1,691.00","1,694.52","1,683.07","1,705.13","1,722.72","1,660.98","1,639.27","1,591.24",1606.046
152,LUBBOCK COUNTY,"39,675.07","40,013.75","40,167.09","40,578.37","41,508.29","42,449.75","43,454.69","44,009.95","44,958.40","45,824.82","45,730.22","46,518.89","46,608.79","46,465.32","46,641.07","45,490.14",46623.601
153,LYNN COUNTY,"1,343.11","1,328.34","1,262.31","1,188.82","1,173.04","1,162.93","1,150.85","1,186.99","1,189.12","1,233.83","1,252.55","1,268.33","1,292.37","1,372.99","1,378.49","1,436.59",1462.034
154,MADISON COUNTY,"2,274.80","2,356.91","2,386.84","2,390.41","2,379.52","2,444.32","2,425.89","2,387.45","2,398.30","2,454.84","2,477.43","2,472.36","2,501.85","2,503.88","2,510.69","2,410.07",2384.953
155,MARION COUNTY,"1,282.85","1,267.47","1,218.67","1,158.95","1,144.99","1,138.00","1,138.39","1,126.21","1,123.06","1,100.37","1,067.27","1,110.23","1,145.11","1,166.38","1,181.19","1,095.71",1083.689
156,MARTIN COUNTY,942.08,937.17,917.49,895.80,881.19,914.62,943.77,951.90,"1,009.51","1,035.68","1,112.06","1,132.66","1,149.47","1,182.39","1,247.38","1,244.28",1189.64
157,MASON COUNTY,554.96,572.41,551.02,569.81,582.99,619.44,620.85,624.39,649.79,652.27,616.48,629.97,656.86,672.21,674.23,685.14,658.915
158,MATAGORDA COUNTY,"7,298.59","7,154.74","6,935.65","6,853.50","6,720.16","6,653.80","6,648.90","6,582.00","6,495.14","6,517.54","6,634.86","6,702.12","6,701.86","6,558.54","6,603.01","6,420.16",6330.074
159,MAVERICK COUNTY,"12,701.89","12,839.93","12,873.69","12,972.86","13,267.16","13,448.10","13,765.70","13,905.67","13,966.90","14,036.27","13,995.17","13,912.92","13,629.11","13,326.91","13,316.31","12,585.84",12669.65
160,MCCULLOCH COUNTY,"1,552.80","1,527.43","1,503.94","1,508.23","1,515.58","1,480.63","1,454.21","1,408.90","1,441.41","1,454.99","1,479.40","1,444.53","1,370.15","1,333.23","1,286.52","1,169.60",1184.332
161,MCLENNAN COUNTY,"38,315.19","38,813.16","38,646.98","38,834.27","39,064.41","39,598.73","41,831.22","42,483.77","43,110.19","43,462.28","48,200.85","49,516.33","50,178.57","49,967.33","50,258.14","48,988.51",50343.428
162,MCMULLEN COUNTY,167.91,162.56,165.46,158.18,150.81,151.05,164.20,204.65,223.90,225.54,236.76,240.93,241.23,235.67,261.26,258.52,273.579
163,MEDINA COUNTY,"7,967.29","7,999.12","8,073.35","8,189.07","8,297.24","8,376.61","8,444.20","8,531.99","8,637.27","8,826.31","9,111.24","9,267.76","9,517.25","9,791.07","10,027.44","10,164.57",10579.408
164,MENARD COUNTY,348.38,333.54,330.27,315.74,317.27,306.96,300.66,297.61,303.61,296.47,285.83,274.16,275.21,279.47,279.58,265.67,251.679
165,MIDLAND COUNTY,"21,495.91","21,480.10","21,309.71","21,299.72","21,624.92","21,576.15","22,059.21","22,898.12","23,505.72","23,945.75","24,734.09","25,181.65","25,670.78","26,522.86","26,977.66","26,937.52",26360.69
166,MILAM COUNTY,"4,522.96","4,539.75","4,483.66","4,444.67","4,421.64","4,310.60","4,277.35","4,197.63","4,222.14","4,296.33","4,312.48","4,294.24","4,362.27","4,319.87","4,232.16","3,987.44",3950.723
167,MILLS COUNTY,948.40,905.79,886.46,865.79,838.48,808.83,816.53,804.44,792.32,859.53,950.78,"1,054.24",954.21,978.68,920.41,836.52,581.118
168,MITCHELL COUNTY,"1,264.90","1,286.45","1,274.82","1,282.38","1,296.87","1,327.08","1,310.02","1,311.36","1,299.17","1,298.06","1,335.48","1,303.27","1,271.09","1,242.65","1,223.26","1,191.49",1119.87
169,MONTAGUE COUNTY,"3,073.55","3,084.10","3,010.69","3,014.01","3,025.64","3,068.36","3,090.96","3,022.41","3,080.24","3,089.80","3,068.15","3,097.16","3,080.61","3,122.12","3,125.50","3,010.95",3116.853
170,MONTGOMERY COUNTY,"64,820.55","68,358.97","72,411.85","76,181.69","78,853.85","81,674.06","84,489.52","87,050.14","88,914.55","91,775.70","94,518.12","98,281.37","100,933.29","103,354.88","105,494.30","106,605.24",108436.586
171,MOORE COUNTY,"4,267.30","4,305.65","4,177.59","4,283.78","4,475.06","4,566.40","4,693.51","4,778.17","4,807.45","4,741.41","4,686.51","4,725.39","4,739.64","4,521.07","4,483.41","4,393.83",4300.631
172,MORRIS COUNTY,"2,293.06","2,275.41","2,221.41","2,151.75","2,104.11","2,130.74","2,093.19","2,058.99","2,043.09","1,984.43","1,910.50","1,875.79","1,811.35","1,764.78","1,742.77","1,651.79",1718.919
173,MOTLEY COUNTY,151.16,153.03,161.95,166.63,167.79,170.78,173.78,178.73,174.15,152.38,160.02,150.12,151.50,152.64,147.04,142.17,147.408
174,NACOGDOCHES COUNTY,"9,616.94","9,729.80","9,690.55","9,677.50","9,746.07","9,887.64","10,175.59","10,337.69","10,282.74","10,345.63","10,399.56","10,423.20","10,441.92","10,307.51","10,268.82","9,674.72",9573.444
175,NAVARRO COUNTY,"8,858.83","8,926.51","9,032.57","8,963.74","8,905.42","8,970.64","9,021.11","9,081.43","9,146.83","9,294.84","9,155.60","9,269.43","9,267.75","9,269.73","9,343.05","9,116.68",9237.929
176,NEWTON COUNTY,"2,287.67","2,206.60","2,137.89","2,160.04","2,106.80","1,980.35","1,953.93","1,901.55","1,870.10","1,853.04","1,794.87","1,778.31","1,724.77","1,701.43","1,718.41","1,619.48",1592.403
177,NOLAN COUNTY,"2,726.98","2,704.99","2,682.20","2,750.48","2,765.90","2,742.82","2,752.99","2,757.32","2,775.91","2,851.24","2,836.58","2,895.82","2,865.56","2,799.71","2,804.42","2,702.65",3416.401
178,NUECES COUNTY,"56,755.91","56,999.12","56,680.94","56,436.82","56,595.81","56,388.87","57,100.23","57,782.19","57,812.81","58,175.00","57,714.07","57,810.79","57,526.95","57,109.33","56,340.87","54,002.13",52705.602
179,OCHILTREE COUNTY,"1,895.52","1,938.09","1,973.76","1,990.81","2,062.76","2,056.10","2,112.62","2,196.81","2,200.17","2,247.98","2,252.77","2,206.05","2,145.38","2,069.24","2,074.01","2,010.75",1965.708
180,OLDHAM COUNTY,799.24,814.94,795.67,749.73,780.83,783.71,852.86,866.53,865.05,840.06,809.93,829.06,861.30,868.43,915.43,911.62,683.093
181,ORANGE COUNTY,"15,102.39","14,677.52","14,309.34","14,253.16","14,455.71","14,171.77","14,229.74","14,310.89","14,148.80","14,135.04","14,131.15","14,234.04","14,272.13","14,358.73","13,900.09","13,489.36",13514.496
182,PALO PINTO COUNTY,"4,646.90","4,633.09","4,539.36","4,541.85","4,531.34","4,509.99","4,470.43","4,508.90","4,436.97","4,285.92","4,249.49","4,173.55","4,161.82","4,116.30","4,091.47","3,957.34",3982.287
183,PANOLA COUNTY,"3,489.72","3,520.01","3,451.99","3,537.40","3,568.09","3,606.79","3,762.14","3,774.26","3,748.28","3,724.44","3,708.77","3,716.15","3,692.71","3,662.50","3,708.10","3,633.60",3656.702
184,PARKER COUNTY,"16,321.39","16,758.11","17,258.21","17,560.69","17,973.45","17,985.29","18,150.54","18,077.18","18,224.24","18,569.53","18,942.67","19,414.61","20,025.86","20,466.03","21,028.05","21,431.98",22042.223
185,PARMER COUNTY,"2,232.74","2,227.24","2,238.72","2,202.08","2,215.32","2,239.65","2,264.98","2,246.34","2,250.27","2,178.32","2,194.40","2,200.01","2,169.68","2,153.98","2,166.08","2,075.22",2105.957
186,PECOS COUNTY,"2,744.34","2,686.57","2,681.09","2,725.19","2,851.98","2,819.92","2,746.39","2,715.25","2,820.07","2,868.10","2,950.38","2,901.57","2,892.98","2,882.60","2,814.72","2,724.22",2682.747
187,POLK COUNTY,"6,525.18","6,536.13","6,471.91","6,451.34","6,439.87","6,450.00","6,488.89","6,535.34","6,523.00","6,408.99","6,413.46","6,496.74","6,459.93","6,437.04","6,323.44","6,116.50",6232.342
188,POTTER COUNTY,"29,980.22","30,307.91","30,818.15","30,910.43","31,504.21","32,240.60","33,002.47","33,514.68","33,619.96","33,836.95","33,728.49","33,796.81","33,795.29","33,312.04","32,953.47","31,725.02",31520.05
189,PRESIDIO COUNTY,"1,872.18","1,819.38","1,733.76","1,638.06","1,599.91","1,673.96","1,679.76","1,665.99","1,627.71","1,583.84","1,572.20","1,550.02","1,545.76","1,423.64","1,383.61","1,276.78",1128.422
190,RAINS COUNTY,"1,508.54","1,515.96","1,517.04","1,545.97","1,525.51","1,489.61","1,528.46","1,566.41","1,542.87","1,524.69","1,531.08","1,543.43","1,566.23","1,561.91","1,586.65","1,496.92",1610.298
191,RANDALL COUNTY,"7,255.19","7,663.41","7,802.25","7,921.94","8,160.53","8,320.15","8,385.82","8,583.32","8,698.51","8,864.73","8,879.29","9,082.78","9,311.75","9,413.42","9,577.80","9,723.25",9568.755
192,REAGAN COUNTY,737.64,692.40,699.68,722.52,742.75,718.68,726.80,742.75,786.79,811.29,803.76,812.25,765.27,751.84,793.51,807.18,803.188
193,REAL COUNTY,317.58,316.16,331.63,342.01,353.37,354.43,385.46,376.77,399.69,438.56,438.53,443.61,461.98,493.45,460.85,435.00,451.029
194,RED RIVER COUNTY,"2,480.76","2,433.30","2,415.06","2,355.74","2,326.14","2,236.82","2,151.44","2,112.66","2,059.45","2,024.06","2,012.63","1,926.76","1,909.56","1,936.26","1,929.81","1,846.69",1803.649
195,REEVES COUNTY,"2,303.33","2,248.21","2,206.45","2,158.14","2,207.42","2,166.80","2,161.94","2,156.59","2,229.16","2,284.61","2,376.86","2,417.39","2,461.10","2,564.85","2,702.87","2,658.70",2552.079
196,REFUGIO COUNTY,"1,396.75","1,405.61","1,383.95","1,366.73","1,365.10","1,335.94","1,277.16","1,244.65","1,288.14","1,325.62","1,317.02","1,316.56","1,295.30","1,274.30","1,176.46","1,161.02",1148.399
197,ROBERTS COUNTY,161.52,154.81,157.76,151.31,150.89,158.88,174.54,190.28,196.60,195.08,187.31,194.04,189.58,201.78,200.23,173.92,182.303
198,ROBERTSON COUNTY,"3,127.87","3,071.60","3,028.23","3,005.06","2,983.67","2,968.66","2,970.37","2,898.23","2,925.16","2,935.31","2,957.94","3,051.62","3,069.44","3,097.28","3,005.46","2,865.79",2930.071
199,ROCKWALL COUNTY,"12,519.49","13,831.74","15,194.92","16,186.59","16,729.30","17,145.40","17,597.14","18,038.53","18,326.59","18,614.11","19,062.87","19,650.77","20,202.63","20,807.19","21,478.25","22,074.81",22932.699
200,RUNNELS COUNTY,"2,116.49","2,069.49","2,009.04","1,949.21","1,961.34","1,968.08","1,934.79","1,936.66","1,907.74","1,929.01","1,891.56","1,861.68","1,890.74","1,862.40","1,855.92","1,887.60",1900.125
201,RUSK COUNTY,"6,875.57","6,973.80","7,045.96","7,081.65","7,117.02","7,143.20","7,296.07","7,369.41","7,466.32","7,677.43","7,740.04","7,669.50","7,653.11","7,583.34","7,412.60","7,127.97",7235.264
202,SABINE COUNTY,"1,472.87","1,462.53","1,443.16","1,479.77","1,513.28","1,470.72","1,443.78","1,417.32","1,428.52","1,444.86","1,432.65","1,481.35","1,452.51","1,433.76","1,352.41","1,287.79",1298.335
203,SAN AUGUSTINE COUNTY,"1,347.99","1,308.43","1,268.37","1,205.93","1,193.33","1,196.63","1,188.76","1,177.32","1,147.83","1,107.85","1,079.86","1,046.63","1,059.27","1,061.22","1,039.95",960.03,930.525
204,SAN JACINTO COUNTY,"3,386.10","3,354.28","3,283.82","3,260.54","3,241.25","3,273.83","3,299.68","3,314.10","3,217.21","3,200.18","3,163.27","3,155.47","3,236.91","3,237.48","3,243.15","3,160.11",3108.682
205,SAN PATRICIO COUNTY,"14,394.33","14,291.53","14,107.84","13,995.82","13,774.63","13,314.28","13,291.08","13,394.15","13,526.39","13,607.45","13,653.87","13,634.69","13,414.54","13,540.99","12,910.79","12,465.59",12641.727
206,SAN SABA COUNTY,"1,388.89","1,349.78","1,229.25",953.54,932.78,899.37,888.69,884.29,890.56,885.33,873.20,888.96,891.77,902.88,919.13,890.83,871.757
207,SCHLEICHER COUNTY,550.71,552.36,570.01,582.26,572.85,579.30,545.18,545.84,542.15,553.22,557.76,537.00,527.15,501.18,483.51,463.61,468.055
208,SCURRY COUNTY,"2,792.59","2,770.37","2,809.54","2,791.51","2,849.05","2,915.05","2,974.74","3,006.73","3,003.08","2,983.15","3,076.92","3,100.45","3,016.26","2,962.82","2,946.36","2,866.68",2788.637
209,SHACKELFORD COUNTY,607.49,613.63,642.06,641.84,652.02,653.85,617.76,596.15,588.25,557.34,560.47,596.61,586.60,587.68,569.75,578.41,583.55
210,SHELBY COUNTY,"4,546.56","4,581.13","4,620.21","4,696.95","4,704.96","4,797.99","4,941.96","5,061.59","5,137.18","5,137.04","5,140.70","5,169.70","5,085.82","4,976.15","4,920.53","4,712.94",4634.862
211,SHERMAN COUNTY,705.07,703.08,679.56,661.00,678.44,653.16,630.78,616.37,643.36,659.50,629.45,627.70,618.40,639.28,626.72,597.36,609.918
212,SMITH COUNTY,"30,839.49","31,425.52","31,451.10","31,865.64","32,281.78","32,878.28","33,522.63","33,791.56","33,986.31","34,496.14","34,764.70","35,390.50","35,752.54","35,955.35","36,199.17","35,767.33",36038.138
213,SOMERVELL COUNTY,"1,635.44","1,717.36","1,693.41","1,686.97","1,729.72","1,693.61","1,662.30","1,730.48","1,777.30","1,735.26","1,774.41","1,842.68","1,858.18","1,914.98","1,973.38","2,010.09",2078.733
214,STARR COUNTY,"14,980.78","15,275.91","15,435.81","15,452.65","15,483.59","15,672.31","16,250.25","16,312.62","16,186.37","16,222.51","16,135.13","16,335.93","16,256.20","15,794.69","15,447.24","13,908.41",15145.089
215,STEPHENS COUNTY,"1,486.28","1,510.58","1,518.10","1,457.42","1,418.67","1,441.78","1,436.08","1,397.73","1,343.12","1,388.03","1,370.79","1,371.20","1,359.09","1,356.98","1,344.46","1,263.96",1290.348
216,STERLING COUNTY,253.99,240.67,221.26,196.65,194.51,195.63,205.71,227.36,254.53,292.74,312.74,311.40,285.81,290.33,304.91,314.44,312.078
217,STONEWALL COUNTY,213.11,216.56,224.06,229.76,223.29,215.39,215.30,235.99,228.18,228.63,231.29,225.31,229.03,205.22,200.54,202.33,187.312
218,SUTTON COUNTY,917.87,934.67,914.47,913.69,914.96,885.23,837.87,844.79,855.42,870.54,854.20,834.07,779.08,747.08,740.50,717.65,671.8
219,SWISHER COUNTY,"1,510.08","1,465.49","1,426.74","1,376.83","1,375.70","1,378.73","1,434.05","1,439.89","1,472.97","1,440.24","1,463.46","1,514.07","1,525.81","1,499.90","1,462.93","1,382.36",1348.443
220,TARRANT COUNTY,"279,198.74","287,896.60","294,056.31","298,777.87","304,882.05","311,090.07","317,205.70","323,330.54","328,863.01","332,405.93","330,763.26","332,510.37","334,318.39","332,382.62","332,965.71","325,622.75",320918.978
221,TAYLOR COUNTY,"20,762.91","20,657.62","22,445.76","22,771.33","23,804.09","25,073.28","26,785.45","28,225.58","30,505.17","31,933.93","33,666.86","33,875.02","35,624.15","33,625.38","33,222.96","33,927.47",36492.417
222,TERRELL COUNTY,145.24,134.34,129.17,132.86,150.79,148.10,123.96,111.44,109.90,126.11,125.91,142.11,132.55,123.99,112.39,114.60,111.056
223,TERRY COUNTY,"2,281.83","2,233.36","2,149.25","2,101.29","2,093.14","2,100.28","2,151.27","2,105.69","2,182.58","2,137.70","2,207.94","2,219.94","2,194.27","2,113.61","2,109.42","1,968.50",1981.951
224,THROCKMORTON COUNTY,313.01,306.22,298.50,326.37,321.89,308.79,290.14,294.00,286.38,269.69,313.20,294.16,282.42,270.09,267.38,284.15,299.034
225,TITUS COUNTY,"6,013.41","6,109.89","6,241.25","6,164.41","6,169.40","6,272.89","6,307.46","6,397.80","6,440.81","6,477.76","6,511.17","6,437.38","6,499.88","6,460.70","6,432.49","6,234.42",6274.101
226,TOM GREEN COUNTY,"16,776.59","16,621.74","16,500.54","16,339.39","16,481.20","16,678.78","16,934.93","17,087.99","17,179.51","17,867.40","18,571.95","19,098.50","19,270.83","19,368.15","19,446.42","19,094.87",18564.104
227,TRAVIS COUNTY,"115,936.72","119,922.94","123,312.28","126,439.18","129,731.88","133,548.34","137,242.04","141,944.92","146,190.75","148,184.82","150,303.95","151,842.02","152,602.38","152,389.20","172,894.76","170,786.20",174381.113
228,TRINITY COUNTY,"2,114.10","2,058.29","2,074.21","2,059.18","2,106.40","2,100.71","2,107.64","2,056.22","2,107.52","2,060.40","2,090.18","2,153.15","2,127.55","2,114.60","2,082.11","2,048.67",2101.377
229,TYLER COUNTY,"3,441.88","3,424.37","3,431.53","3,375.36","3,365.00","3,302.20","3,327.57","3,308.78","3,313.03","3,289.44","3,265.40","3,348.17","3,366.25","3,389.87","3,361.15","3,328.39",3263.495
230,UPSHUR COUNTY,"6,284.36","6,389.94","6,454.23","6,497.24","6,585.54","6,514.94","6,588.29","6,634.77","6,595.82","6,648.59","6,654.70","6,708.47","6,851.28","6,865.67","6,930.37","6,849.01",6757.714
231,UPTON COUNTY,650.16,638.22,627.34,601.59,624.27,659.58,664.86,701.79,716.85,732.18,752.67,769.52,733.33,774.76,769.96,764.49,730.306
232,UVALDE COUNTY,"5,773.32","5,738.21","5,639.36","5,536.97","5,480.73","5,415.12","5,432.19","5,438.94","5,363.62","5,378.52","5,319.28","5,308.19","5,226.23","4,931.64","4,797.35","4,460.42",4526.251
233,VAL VERDE COUNTY,"9,900.88","9,916.10","9,713.44","9,644.34","9,609.86","9,744.26","9,872.24","9,902.85","9,942.74","10,131.13","10,137.98","9,847.48","9,888.35","9,869.73","9,761.34","9,277.54",9336.157
234,VAN ZANDT COUNTY,"9,140.40","9,244.85","9,263.94","9,253.50","9,248.10","9,402.04","9,295.16","9,275.16","9,144.81","9,214.84","9,218.35","9,321.69","9,352.42","9,465.35","9,493.83","9,316.15",9356.04
235,VICTORIA COUNTY,"13,877.20","13,774.61","13,519.06","13,404.11","13,378.81","13,449.51","13,688.55","13,960.25","14,139.21","14,271.67","14,186.71","14,172.74","14,137.40","14,121.06","13,741.42","13,049.01",13048.412
236,WALKER COUNTY,"7,169.19","7,046.21","6,797.78","6,733.14","6,567.34","6,697.67","6,709.58","6,738.35","6,726.63","6,884.28","7,098.00","7,340.02","7,857.01","8,521.96","9,442.50","9,229.49",11342.238
237,WALLER COUNTY,"7,461.68","7,563.62","7,726.89","7,706.64","7,932.14","8,268.47","8,326.74","8,502.58","8,662.87","8,909.40","9,345.48","9,787.76","10,067.57","10,309.25","10,510.36","10,609.13",10928.705
238,WARD COUNTY,"2,199.96","2,194.65","2,139.63","2,127.73","1,952.24","1,950.00","1,941.64","1,980.82","2,079.26","2,169.47","2,236.83","2,258.29","2,292.60","2,310.94","2,364.75","2,337.36",2250.516
239,WASHINGTON COUNTY,"4,880.30","4,918.30","4,888.86","4,833.25","4,859.95","4,819.81","4,879.29","4,913.01","4,870.83","4,857.68","4,903.77","4,980.00","5,019.10","5,039.11","5,070.97","5,056.28",4958.169
240,WEBB COUNTY,"54,702.11","56,457.17","57,974.78","59,472.57","60,886.85","61,457.21","62,685.89","63,016.47","62,823.64","63,340.78","63,355.73","63,294.70","63,238.26","62,688.93","62,357.92","58,515.68",60631.186
241,WHARTON COUNTY,"7,771.26","7,672.53","7,593.26","7,509.12","7,479.06","7,556.71","7,585.05","7,582.45","7,598.34","7,731.18","7,824.21","7,873.92","7,892.19","7,834.41","7,670.59","7,383.81",7268.161
242,WHEELER COUNTY,869.08,867.05,852.83,866.83,933.85,930.38,969.32,"1,028.70","1,051.73","1,070.26","1,086.47","1,068.07","1,022.69",997.24,961.03,968.85,972.104
243,WICHITA COUNTY,"20,503.10","20,503.77","20,221.36","20,007.81","19,946.95","19,868.88","19,657.17","19,605.11","19,698.86","19,722.57","19,114.47","19,099.74","19,115.42","18,963.45","19,030.19","18,504.19",18732.857
244,WILBARGER COUNTY,"2,642.86","2,663.09","2,610.54","2,581.31","2,433.43","2,439.60","2,386.02","2,361.56","2,288.50","2,250.86","2,299.22","2,251.27","2,204.82","2,169.09","2,161.13","2,068.12",2052.61
245,WILLACY COUNTY,"4,305.77","4,259.01","4,184.08","4,137.77","4,131.94","4,149.84","4,177.67","4,134.28","4,151.80","4,147.27","4,045.12","4,020.26","3,947.30","3,897.21","3,794.81","3,497.33",3619.141
246,WILLIAMSON COUNTY,"71,497.66","75,501.03","80,420.84","85,062.74","88,655.91","92,057.18","95,961.51","98,489.66","100,457.25","103,471.76","105,485.04","108,298.36","111,130.23","113,613.66","117,015.58","119,313.13",122108.415
247,WILSON COUNTY,"7,171.01","7,288.71","7,527.53","7,646.15","7,738.44","7,843.27","7,919.14","7,955.60","7,980.10","8,085.48","8,280.94","8,308.01","8,303.73","8,430.48","8,461.76","8,410.56",8256.167
248,WINKLER COUNTY,"1,410.13","1,425.55","1,472.20","1,507.14","1,484.51","1,442.91","1,433.49","1,494.85","1,592.74","1,658.97","1,718.56","1,712.47","1,653.94","1,677.29","1,733.14","1,672.34",1571.679
249,WISE COUNTY,"8,190.01","8,284.45","8,262.28","8,369.31","8,440.65","8,339.97","8,508.45","8,523.10","8,401.01","8,356.34","8,343.15","8,526.52","8,694.26","8,908.37","9,066.51","8,928.47",9032.865
250,WOOD COUNTY,"5,758.12","5,683.69","5,696.11","5,656.81","5,658.89","5,693.59","5,696.95","5,812.41","5,803.35","5,740.92","5,692.63","5,797.09","5,766.71","5,820.52","5,787.86","5,583.89",5724.323
251,YOAKUM COUNTY,"1,677.18","1,693.13","1,763.93","1,772.45","1,840.92","1,811.52","1,865.68","1,883.96","1,942.85","1,994.54","2,041.28","2,074.40","2,052.42","1,995.59","2,024.96","1,966.94",1936.49
252,YOUNG COUNTY,"3,126.27","3,162.12","3,164.00","3,167.65","3,217.61","3,237.67","3,213.79","3,221.31","3,252.33","3,239.67","3,174.08","3,120.36","3,157.12","3,062.38","3,098.99","2,859.72",3009.943
253,ZAPATA COUNTY,"2,995.05","2,932.50","2,997.51","3,106.16","3,114.62","3,162.61","3,174.98","3,085.06","3,187.02","3,230.53","3,240.97","3,227.88","3,177.28","3,077.73","3,117.64","2,933.07",2961.206
254,ZAVALA COUNTY,"2,339.53","2,327.64","2,255.57","2,279.60","2,215.45","2,156.57","2,243.79","2,226.40","2,239.66","2,267.34","2,269.40","2,267.26","2,207.13","2,195.63","2,213.47","2,081.81",2035.699