County #,Population 10,White Pop 10,Black Pop 10,Asian Pop 10,Hispanic Pop 10,Male Pop 10,Female Pop 10,Age 0-4 Pop 10,Age 5-9 Pop 10,Age 10-14 Pop 10,Age 15-19 Pop 10,Age 20-24 Pop 10,Age 25-34 Pop 10,Age 35-44 Pop 10,Age 45-54 Pop 10,Age 55-64 Pop 10,Age 65-74 Pop 10,Age 75-84 Pop 10,Age 85-Up Pop 10,Median Age 10,Median Age Male 10,Median Age Female 10,# of Households 10,Avg Household Size 10,HH 1 Male 10,HH 1 Female 10,HH Married-Child 10,HH Married-noChild 10,HH Male-Child 10,HH Female-Child 10,# of Families 10,Avg Family Size 10,# of Housing Units 10,Housing Vacant 10,Housing Owner Occup 10,Housing Renter Occup 10
48001,58458,38632,12310,291,9287,35521,22937,3135,3258,3156,3107,3514,9237,9506,9397,6810,4181,2292,865,1532.3,1491.3,1554.9,17218,100.53,2002,2428,3656,5220,541,1604,12158,120.94,20116,2898,12432,4786
48003,14786,11749,222,91,7195,7368,7418,1226,1205,1173,1122,1000,1962,1780,2156,1499,895,573,195,366.1,352.9,379.2,5259,30.56,551,567,1554,1531,195,430,3976,35.82,5814,555,4020,1239
48005,86771,62537,13035,785,17145,42515,44256,6506,6427,6550,6231,5470,10854,11113,11788,9989,6487,3859,1497,1887.7,1830.9,1932.2,31090,142.13,3260,4155,7507,8687,884,3355,22429,168.21,35589,4499,21342,9748
48007,23158,20231,303,455,5690,11485,11673,1190,1162,1284,1383,1032,1972,2325,3373,3835,3360,1765,477,882.0,871.2,891.8,9795,41.449999999999996,1326,1398,1475,3669,262,629,6536,50.1,15355,5560,7326,2469
48009,9054,8504,40,18,675,4563,4491,472,585,707,673,434,837,1099,1616,1184,840,483,124,384.2,376.8,390.7,3538,22.68,419,409,879,1285,80,174,2597,26.88,4107,569,2900,638
48011,1901,1774,11,0,124,928,973,107,109,109,137,61,202,201,282,299,216,128,50,138.6,134.4,142.2,751,7.37,83,93,184,305,15,31,560,8.559999999999999,904,153,619,132
48013,44911,38130,359,156,27785,22130,22781,3337,3574,3803,3441,2586,5097,5647,6249,5466,3255,1805,651,913.2,887.6,934.0,15246,72.19,1562,1587,4058,4347,620,1453,11543,83.81,17631,2385,11559,3687
48015,28417,22379,2668,118,6641,14073,14344,1850,1897,2064,2004,1411,3052,3434,4405,3876,2476,1384,564,817.9,795.6,840.5,10837,51.81,1158,1378,2573,3621,332,753,7866,61.25,12926,2089,8192,2645
48017,7165,5392,86,30,4283,3621,3544,682,641,560,534,454,916,801,859,709,537,349,123,196.7,193.2,200.6,2468,17.76,267,299,699,731,94,204,1832,20.59,2784,316,1646,822
48019,20485,19010,98,57,3415,10172,10313,923,1044,1224,1212,742,1570,2206,3758,3692,2536,1232,346,591.2,591.5,590.9,8564,27.78,1149,1083,1552,3357,174,404,5912,33.51,11561,2997,7158,1406
48021,74171,54750,5772,489,24190,37997,36174,5014,5414,5751,5156,3858,8597,10184,11887,9809,5046,2517,938,1526.1,1493.0,1555.7,25840,108.02,2855,2932,6518,7726,874,2070,18721,126.8,29316,3476,19916,5924
48023,3726,3410,75,4,455,1795,1931,228,213,206,207,163,358,375,562,479,484,304,147,233.5,229.2,237.0,1669,10.99,243,330,283,539,38,92,1039,13.94,2665,996,1191,478
48025,31861,25092,2592,177,17906,19063,12798,1937,1945,1921,2180,2564,5204,4680,4700,3294,1885,1127,424,858.5,827.3,850.1,9042,63.02,1038,1257,1994,2349,356,1013,6346,75.49,10649,1607,5845,3197
48027,310235,190553,66700,8748,67010,153464,156771,28365,24487,22232,22116,30001,52838,39003,37298,26892,15032,8577,3394,6122.9,5962.9,6287.2,114035,485.57,13380,13933,29569,28709,3429,13047,80449,582.08,125470,11435,63424,50611
48029,1714773,1250252,128892,41739,1006958,840840,873933,130087,130307,128117,132660,133455,253267,230754,227116,173127,96241,57238,22404,38065.8,36557.3,39486.9,608931,3034.44,71709,82300,144199,136484,19798,68237,416356,3603.85,662872,53941,368638,240293
48031,10497,9475,69,51,1909,5300,5197,551,618,712,613,416,888,1209,1706,1873,1142,539,230,322.1,311.8,330.7,4309,16.86,563,565,878,1625,100,216,3007,20.37,5532,1223,3427,882
48033,641,600,0,1,95,335,306,28,32,49,44,27,52,79,105,92,74,47,12,45.8,44.0,47.1,264,2.43,30,28,60,107,3,7,190,2.89,385,121,173,91
48035,18212,16372,296,41,2926,9053,9159,1016,1118,1220,1204,786,1692,2023,2667,2642,2202,1109,533,673.5,650.1,695.8,7254,37.1,942,981,1455,2654,181,450,5081,44.910000000000004,9623,2369,5542,1712
48037,92565,63641,22387,734,6062,46758,45807,5921,6250,6297,6378,5645,12341,12190,13300,11140,7028,4221,1854,2808.2,2686.5,2912.6,34669,181.91,4095,5525,6884,9391,898,4040,23615,223.05,38493,3824,22731,11938
48039,313166,219416,37761,17227,86643,159000,154166,24728,24514,23549,22208,17571,43475,47387,46709,33102,17698,9240,2985,6420.9,6285.6,6553.7,106589,496.31,10345,10823,32818,29445,3443,8882,80641,576.03,118336,11747,79477,27112
48041,194851,142814,21414,10083,45405,98630,96221,12506,11215,10019,23513,42690,29816,19168,18218,13647,7755,4488,1816,3495.8,3401.0,3574.1,71739,309.29,9197,9876,13467,14149,1374,5200,38399,365.49,77700,5961,32413,39326
48043,9232,7993,104,66,3918,4636,4596,542,526,529,481,675,1205,1017,1294,1432,885,475,171,380.3,375.59999999999997,385.2,4207,19.73,801,754,655,1112,87,243,2329,25.81,5383,1176,2553,1654
48045,1637,1433,41,0,411,815,822,103,90,103,100,68,160,172,240,243,178,132,48,45.9,44.7,47.0,692,2.37,90,106,146,268,14,31,483,2.87,953,261,535,157
48047,7223,6471,37,21,6590,3579,3644,619,520,532,562,474,734,684,957,915,670,430,126,272.8,252.4,295.2,2642,18.64,337,353,512,638,105,367,1873,22.740000000000002,3239,597,1829,813
48049,38106,32962,1382,163,7453,18838,19268,2368,2538,2583,2741,2348,4254,4380,5314,4976,3705,2053,846,1252.6,1212.6,1292.1,14778,79.65,1793,2177,3021,4657,407,1206,10105,96.69,18287,3509,10452,4326
48051,17187,13392,2098,28,3166,8504,8683,1074,1112,1151,1120,865,1706,2031,2676,2445,1549,1053,405,602.4,589.4,613.9,6822,35.03,879,927,1407,2228,181,461,4743,41.98,8832,2010,5390,1432
48053,42750,37825,766,203,8652,20989,21761,2498,2787,2898,2709,2063,4495,4775,6402,6178,4480,2553,912,1175.1,1141.4,1202.7,16511,67.89,1690,2226,3505,6044,435,1073,11848,80.44,20870,4359,12348,4163
48055,38066,28865,2585,357,17922,19180,18886,2614,2694,2779,3420,2963,4647,4895,5252,4292,2440,1468,602,903.3,872.4,930.2,12301,70.37,1384,1462,3008,3304,488,1185,8904,82.9,13759,1458,8561,3740
48057,21381,17432,565,948,9922,10847,10534,1526,1517,1589,1649,1197,2438,2520,3082,2629,1809,1112,313,665.3,662.5,669.8,7766,46.04,985,819,1848,2413,292,634,5613,54.4,11410,3644,5525,2241
48059,13544,12724,141,57,1025,6607,6937,779,911,952,856,643,1420,1516,2085,1917,1405,802,258,519.0,510.9,525.1,5447,29.689999999999998,647,700,1187,1919,148,361,3893,35.01,6549,1102,4287,1160
48061,406220,353423,2155,2689,357747,195394,210826,35854,38299,37660,35621,26747,51844,51786,45941,37577,24645,15244,5002,7182.3,6731.4,7597.2,119631,744.9399999999999,8670,10923,38731,27374,3955,17019,96579,837.08,141924,22293,80412,39219
48063,12401,8402,2163,60,2648,6086,6315,899,931,957,884,684,1441,1341,1641,1630,1130,626,237,337.6,320.9,351.7,4678,24.130000000000003,526,640,1013,1437,127,468,3351,28.81,5656,978,3260,1418
48065,6182,5803,35,19,525,3042,3140,363,452,484,404,246,610,735,967,860,554,372,135,258.8,254.1,264.5,2452,14.68,292,290,593,916,68,133,1802,17.5,2784,332,2064,388
48067,30464,24079,5315,91,1053,14777,15687,1780,1908,2058,1998,1479,3130,3597,4451,4248,3279,1835,701,1191.6,1142.7,1231.2,12429,67.79,1521,1872,2364,3981,343,1116,8643,82.11,14379,1950,9470,2959
48069,8062,5532,162,33,4828,4084,3978,699,713,700,618,458,968,897,1028,904,554,409,114,247.7,246.4,247.7,2744,20.259999999999998,318,271,837,814,88,210,2091,23.55,3166,422,1859,885
48071,35096,27582,2872,339,6635,17661,17435,2438,2752,2998,2826,1774,4269,5272,5287,4186,2004,970,320,690.3,682.7,698.3,11952,50.7,1061,936,4032,3703,373,849,9547,57.61,13291,1339,10190,1762
48073,50845,36450,7498,237,10499,25850,24995,3627,3713,3647,3848,3094,5989,6180,6862,6277,4212,2426,970,1326.5,1278.2,1371.5,17894,94.02,1891,2416,4134,5367,520,1700,12907,112.14,20859,2965,12961,4933
48075,7041,5774,698,50,1885,4121,2920,424,396,426,441,617,1341,798,823,710,543,380,142,256.1,239.3,248.3,2326,14.66,323,394,503,677,60,186,1530,18.12,2883,557,1660,666
48077,10752,10224,57,28,467,5283,5469,602,630,732,732,420,1048,1244,1794,1631,1132,612,175,487.0,476.4,495.3,4319,27.14,474,557,983,1643,94,233,3143,32.13,5150,831,3602,717
48079,3127,2288,125,5,1654,1535,1592,248,244,249,276,191,337,327,442,348,274,146,45,106.9,107.5,105.8,1113,8.21,132,135,281,318,39,99,814,9.85,1360,247,853,260
48081,3320,3036,8,5,602,1626,1694,166,192,206,193,119,293,313,497,479,478,298,86,195.6,190.9,199.6,1466,8.91,216,242,253,548,35,77,971,11.04,2667,1201,1168,298
48083,8895,7841,197,32,1419,4416,4479,501,551,596,526,372,774,989,1316,1336,1057,677,200,498.59999999999997,491.0,506.1,3857,25.43,597,597,615,1307,101,263,2518,31.369999999999997,5543,1686,2801,1056
48085,782341,560036,66387,87752,115354,384363,397978,58849,66143,64240,53314,38779,109795,135907,119102,76164,38320,15957,5771,17376.2,17107.1,17626.2,283759,1312.52,27554,34798,94073,74657,6581,19069,206793,1512.1,300960,17201,193043,90716
48087,3057,2338,134,4,916,1498,1559,256,216,235,208,152,352,315,416,361,259,201,86,156.8,148.10000000000002,164.4,1179,10.17,130,182,276,380,39,96,840,12.28,1616,437,917,262
48089,20874,15676,2740,77,5452,10347,10527,1326,1324,1412,1418,998,2092,2184,3112,2968,2123,1351,566,777.9,750.2,802.2,8182,45.36,1058,1161,1672,2747,210,576,5700,55.11,10527,2345,6227,1955
48091,108472,97044,1727,849,26989,53254,55218,6211,7121,7654,7142,5084,10802,13865,17614,16124,9838,5096,1921,2708.0,2653.7,2761.6,41363,167.21,3838,4995,9956,15069,925,2519,30581,194.32,47108,5745,31714,9649
48093,13974,12417,53,35,3605,6885,7089,938,862,956,948,694,1289,1604,1915,1845,1662,901,360,588.4,577.2,598.1,5580,35.06,714,837,1186,1899,133,354,3838,42.88,7223,1643,4261,1319
48095,4087,3553,77,14,2173,2793,1294,161,162,167,161,198,698,808,669,503,339,158,63,130.9,131.4,141.1,1041,7.2,156,120,187,405,25,74,744,8.54,1637,596,786,255
48097,38437,32943,1054,290,5997,19056,19381,2687,2641,2663,2949,2236,4210,4407,5482,5062,3390,1985,725,1149.2,1111.0,1187.5,14513,78.7,1576,1924,3267,4770,410,1110,10321,94.06,16606,2093,10295,4218
48099,75388,53033,11943,1423,11973,36892,38496,6687,6016,5381,4821,7585,13764,10763,8944,5743,3484,1677,523,1513.4,1472.6,1563.2,22545,121.78,2218,2388,7239,5723,642,2352,16991,139.72,25178,2633,12490,10055
48101,1505,1212,133,0,316,713,792,78,114,98,93,54,129,140,216,225,192,119,47,140.2,137.1,142.7,677,6.69,84,140,103,232,16,51,437,8.42,968,291,476,201
48103,4375,3243,125,16,2409,2145,2230,335,349,363,383,248,502,567,669,466,274,146,73,178.1,176.3,179.60000000000002,1471,14.49,140,143,482,432,48,118,1143,16.62,1632,161,1187,284
48105,3719,3092,30,13,2352,1831,1888,297,270,254,258,157,444,446,561,487,316,166,63,197.8,196.9,196.8,1422,12.879999999999999,182,165,372,451,57,89,1038,15.21,1866,444,988,434
48107,6059,4784,209,6,3171,2917,3142,505,458,457,480,285,662,665,789,700,575,342,141,240.4,235.5,244.7,2237,15.780000000000001,253,306,506,694,97,201,1613,18.87,2902,665,1550,687
48109,2398,1892,15,24,1827,1167,1231,179,180,185,185,147,244,290,328,306,203,120,31,154.8,150.6,157.1,908,10.370000000000001,111,134,200,230,25,102,630,12.7,1137,229,634,274
48111,6703,5371,84,41,2717,3482,3221,624,554,514,494,446,938,934,871,699,384,182,63,200.0,195.8,204.5,2448,16.18,358,240,696,651,80,197,1743,19.34,2827,379,1476,972
48113,2368139,1267861,528200,119250,905940,1171002,1197137,192838,183511,173403,169193,171581,385041,342987,317883,223730,116736,65429,25807,57470.6,55794.9,58930.2,855960,4695.01,111578,128268,200367,172913,27869,94197,559417,5622.22,943257,87297,455741,400219
48115,13833,10606,905,49,7387,7815,6018,1055,921,894,896,1071,2347,1634,1727,1355,983,690,260,503.9,475.9,540.0,4385,37.59,468,675,997,1309,146,416,3115,45.08,5220,835,3164,1221
48117,19372,15075,242,61,13039,9652,9720,1841,1755,1672,1583,1243,2583,2288,2313,1870,1154,756,314,539.6,519.8,557.9,6365,50.949999999999996,620,667,1862,1679,265,682,4843,58.7,7077,712,4121,2244
48119,5231,4461,380,30,288,2563,2668,309,295,337,364,270,503,606,779,731,620,301,116,173.7,169.0,177.7,2088,9.879999999999999,256,283,408,725,57,157,1480,11.84,2458,370,1640,448
48121,662614,497260,55534,43478,120836,325960,336654,49790,53383,50568,47837,50684,99794,108081,96006,60428,29152,12350,4541,13226.1,13030.2,13420.5,240289,1039.74,25154,29383,73485,60075,5982,16951,167934,1204.08,256139,15850,156874,83415
48123,20097,15206,1876,44,6502,10447,9650,1242,1206,1260,1247,918,2238,2508,3084,2717,1816,1285,576,725.9,694.7,754.1,7407,41.88,918,1177,1411,2338,230,625,5055,51.28,9176,1769,5548,1859
48125,2444,2052,99,22,708,1383,1061,132,150,130,136,124,334,284,370,303,276,142,63,127.9,120.4,145.6,930,6.87,124,158,172,334,24,44,616,8.54,1282,352,701,229
48127,9996,8860,99,56,8616,4839,5157,819,834,804,811,603,1046,1144,1263,1253,737,482,200,254.1,243.9,262.5,3421,20.1,344,409,817,843,125,457,2556,23.63,4350,929,2478,943
48129,3677,3307,164,9,309,1825,1852,203,185,200,405,227,361,352,488,478,415,284,79,167.0,158.0,175.1,1517,9.11,231,244,267,521,39,95,996,11.32,2142,625,1103,414
48131,11782,10247,110,22,10424,6077,5705,844,817,856,926,780,1365,1367,1629,1307,1046,645,200,375.40000000000003,366.6,385.5,4090,27.79,518,503,876,1037,177,442,2939,33.16,5523,1433,3172,918
48133,18583,16697,335,62,2673,9071,9512,1114,1139,1165,1552,1058,1926,1789,2667,2484,1984,1215,490,802.3,768.3,833.3,7465,44.92,957,1275,1397,2367,189,546,4907,55.769999999999996,10258,2793,5522,1943
48135,137130,104653,6141,1080,72331,67686,69444,12075,11256,10356,10579,10914,19714,16395,18201,13686,7654,4828,1472,3565.4,3444.6,3688.3,48688,302.47,6085,5842,12521,11665,1878,5415,34588,359.43,53027,4339,32950,15738
48137,2002,1739,11,7,1027,1021,981,114,130,101,123,96,169,193,295,344,263,132,42,95.8,95.30000000000001,95.5,839,4.71,119,116,165,310,19,48,580,5.76,1606,767,679,160
48139,149610,117662,13482,851,35161,73870,75740,10939,11907,12773,12035,8937,18302,20968,22191,16613,8980,4456,1509,3346.7,3251.7,3437.8,50503,275.6,3916,4913,15691,15218,1593,4340,39721,312.0,54365,3862,37582,12921
48141,800647,656993,24864,8284,658134,387876,412771,64621,66100,67882,69454,62186,106712,104786,101858,74825,44235,28524,9464,17387.7,16311.4,18285.0,256557,1565.75,24125,26770,75353,54942,8282,35589,196625,1803.08,270307,13750,161695,94862
48143,37890,32441,451,257,7279,18605,19285,2397,2343,2234,3641,5201,4697,4045,4649,3904,2558,1567,654,961.6,939.2,982.0,14569,72.48,1787,2140,3140,4004,365,807,9003,89.21,16987,2418,8868,5701
48145,17866,10832,4524,46,3716,8494,9372,1069,1047,1068,1151,1205,2304,2328,2643,2176,1520,967,388,530.9,518.5,551.5,6302,32.53,889,933,1106,1842,163,624,4214,40.54,7724,1422,4467,1835
48147,33915,29172,2312,125,3226,17988,15927,1981,2082,2103,2195,1943,4098,4321,5119,4308,3187,1799,779,1246.3,1213.6,1235.5,12149,73.04,1329,1722,2696,4014,341,880,8620,87.44,14191,2042,8990,3159
48149,24554,20491,1632,66,4585,12081,12473,1377,1453,1583,1493,1018,2338,2537,3785,3701,2741,1670,858,1137.8,1110.5,1166.1,10078,59.97,1257,1491,2046,3641,235,571,7015,72.66,13868,3790,7817,2261
48151,3974,3444,136,8,999,1958,2016,220,220,237,317,161,343,456,585,551,455,322,107,223.4,218.6,229.1,1668,11.89,214,269,333,570,45,97,1139,14.61,2212,544,1249,419
48153,6446,4916,232,11,3410,3176,3270,493,503,527,488,318,671,718,843,740,569,430,146,315.1,307.8,322.8,2402,21.259999999999998,254,310,605,774,85,200,1790,24.98,3004,602,1765,637
48155,1336,1211,53,5,187,637,699,57,77,77,102,61,110,148,211,174,166,103,50,46.6,46.1,47.2,573,2.28,87,85,102,204,12,35,378,2.83,789,216,442,131
48157,585375,296310,125818,99370,138967,287368,298007,43748,49129,50577,45528,30943,73131,92981,92234,64346,26908,11793,4057,7702.3,7435.1,7920.2,187384,640.76,12084,15895,69156,52444,4719,16345,153765,713.96,197030,9646,149749,37635
48159,10605,9178,417,50,1333,5215,5390,699,761,705,689,579,1051,1175,1490,1475,1118,641,222,305.2,297.6,313.9,4159,17.42,471,562,900,1445,107,338,3002,20.72,5770,1611,3137,1022
48161,19816,14484,3193,58,2694,10437,9379,1229,1306,1284,1221,952,2400,2570,2948,2621,1869,1009,407,520.2,497.8,542.1,7259,32.61,870,1089,1648,2309,192,492,5041,39.839999999999996,9265,2006,5648,1611
48163,17217,13326,584,367,13401,10032,7185,1204,1144,1136,1357,1510,2958,2226,2051,1695,1063,675,198,415.6,400.9,463.9,4854,33.76,549,592,1162,1196,188,648,3529,39.67,5846,992,3287,1567
48165,17526,14726,305,44,6413,8798,8728,1819,1731,1612,1518,1232,2377,2016,2205,1439,882,536,159,399.8,392.1,408.9,5606,38.71,540,481,2118,1568,143,371,4462,44.84,6301,695,4324,1282
48167,291309,211088,40112,8690,65270,144234,147075,19979,20559,20821,20852,17499,37720,39206,46122,35747,18922,10215,3667,7506.1,7296.3,7705.0,108969,496.25,13150,13781,26022,29345,3301,9701,75747,601.19,132492,23523,74944,34025
48169,6461,5348,420,8,3046,4092,2369,382,323,324,489,655,1193,748,967,678,392,226,84,185.5,180.8,189.0,1671,13.129999999999999,197,229,388,509,53,151,1197,15.66,2237,566,1160,511
48171,24837,22667,89,89,4969,11968,12869,1234,1358,1503,1398,947,2047,2425,3458,3881,3285,2217,1084,787.0,761.6,809.5,10572,36.97,1174,1831,1907,4175,190,523,7234,45.17,12778,2206,7969,2603
48173,1226,1044,15,1,378,649,577,79,90,105,103,41,151,152,190,155,102,52,6,75.5,75.69999999999999,75.2,441,5.5600000000000005,58,25,146,169,6,13,345,6.38,580,139,303,138
48175,7210,6035,343,15,2462,3596,3614,385,442,472,528,273,600,840,1128,1170,772,430,170,265.9,260.0,271.09999999999997,2868,14.95,359,352,564,1059,65,193,2061,17.97,3710,842,2295,573
48177,19807,14158,1468,78,9353,9959,9848,1530,1544,1442,1384,1197,2301,2302,2788,2327,1614,989,389,597.5,579.6,613.1,7120,44.18,872,904,1618,2038,266,691,5088,52.56,8794,1674,4843,2277
48179,22535,18363,1097,91,5365,11703,10832,1636,1589,1402,1444,1222,2915,2904,3214,2597,1845,1306,461,921.4,894.0,955.8,8443,59.75,1033,1288,1890,2612,301,600,5798,72.26,10158,1715,6275,2168
48181,120877,101371,7081,1046,13688,58917,61960,7833,8049,8288,8639,7545,13721,14715,18051,15261,10276,6126,2373,3602.2,3476.6,3720.9,46905,235.06,5178,6770,10037,14367,1473,3816,32534,281.36,53727,6822,32545,14360
48183,121730,81928,24390,1343,20018,59468,62262,9081,8653,8272,8870,8891,16657,14666,16642,13522,8387,5775,2314,3486.7,3301.3,3629.9,45798,248.05,5324,7039,10008,12014,1420,4626,31188,296.98,49514,3716,27941,17857
48185,26604,19409,4390,63,5652,14487,12117,1580,1709,1686,1720,1556,3319,3475,4305,3582,2191,1076,405,731.9,718.4,746.7,8902,46.97,1062,1087,2026,2708,306,718,6361,55.95,10917,2015,6832,2070
48187,131533,105017,8512,1861,46889,64762,66771,9197,9984,10650,10310,7366,15763,18987,19448,14531,8920,4705,1672,2778.6,2691.7,2858.3,45762,209.65,4075,4754,13201,13777,1455,3890,34938,240.0,50015,4253,35115,10647
48189,36273,25670,1925,142,20269,18737,17536,3016,2928,2865,2833,2872,4790,4453,4645,3436,2251,1579,605,996.7,969.6,1028.2,11846,85.52,1206,1427,3157,3224,469,1280,8781,99.57,13541,1695,7648,4198
48191,3353,2579,242,3,1087,1657,1696,218,245,256,243,131,304,329,443,425,405,254,100,131.0,129.2,133.2,1372,7.220000000000001,197,236,284,430,35,97,901,9.17,1943,571,997,375
48193,8517,7913,46,34,863,4195,4322,469,482,538,509,371,812,899,1189,1143,1067,676,362,415.4,396.3,437.4,3442,21.57,450,500,677,1235,78,198,2357,26.0,4566,1124,2610,832
48195,5613,4593,36,16,2430,2803,2810,466,501,446,440,270,653,688,768,615,402,263,101,178.5,177.5,180.1,2006,13.83,221,223,643,655,58,106,1514,16.22,2338,332,1539,467
48197,4139,3538,246,12,889,2051,2088,269,289,292,264,171,431,461,575,579,454,251,103,213.5,204.4,220.8,1722,11.98,229,275,315,524,57,144,1139,14.72,2417,695,1235,487
48199,54635,49505,3193,276,2384,26942,27693,3686,3916,4118,3787,3148,6636,7010,8254,6698,4244,2357,781,1439.5,1378.1,1488.6,20462,96.99,2005,2352,5346,6537,640,1580,15302,113.35,22597,2135,16429,4033
48201,4092459,2318256,775492,253032,1671540,2037405,2055054,336314,320339,306560,300676,297495,661590,588282,548550,399166,195502,101297,36688,73260.4,71381.2,74996.4,1435155,6133.23,177341,184547,372525,307469,48479,150385,985652,7262.66,1598698,163543,814810,620345
48203,65631,45020,14398,339,7254,32224,33407,4676,4720,4708,4726,4176,8016,7903,9718,8272,4966,2770,980,1923.5,1861.0,1993.4,24523,135.95,2807,3146,5564,7184,742,2402,17622,162.34,27704,3181,18004,6519
48205,6062,5272,418,29,1448,3700,2362,349,393,403,308,170,945,1121,1008,608,401,245,111,154.20000000000002,150.9,152.7,1771,10.620000000000001,175,229,531,625,42,81,1311,12.44,1946,175,1241,530
48207,5899,4876,220,31,1414,3104,2795,311,350,340,361,286,672,655,855,783,619,465,202,269.9,265.0,279.4,2297,14.02,325,370,397,793,63,148,1533,17.27,3443,1146,1779,518
48209,157107,126712,5536,1821,55401,78255,78852,10571,10978,10914,14029,20180,21188,20077,19952,15933,8047,3817,1421,2741.2,2694.9,2785.5,55245,216.25,5635,6366,14276,14036,1471,3655,36281,252.73,59417,4172,36172,19073
48211,3807,3310,9,18,1086,1928,1879,326,321,283,262,178,491,494,500,460,260,157,75,147.7,145.1,149.60000000000002,1382,10.870000000000001,155,150,417,460,33,70,1039,12.78,1629,247,1027,355
48213,78532,67395,4887,328,8490,38468,40064,4668,4911,5201,5168,4108,8179,9113,11214,10938,8707,4777,1548,2327.8,2262.7,2387.8,31020,134.85,3602,4333,6055,10458,833,2344,21612,160.55,39595,8575,23548,7472
48215,774769,681649,4569,7478,702206,376944,397825,74538,77266,73809,69480,56461,108260,102250,80041,60416,39726,24513,8009,10429.4,9914.5,10911.6,216471,1183.09,14060,16215,79917,46981,7136,29396,179668,1308.0,248287,31816,151533,64938
48217,35089,29307,2224,118,6427,17208,17881,2291,2371,2469,2354,1994,3704,4008,4797,4683,3565,2059,794,989.8,964.8,1014.0,13238,62.53,1459,1731,2923,4452,358,975,9524,74.18,16118,2880,9999,3239
48219,22935,18000,837,63,9993,11297,11638,1754,1741,1658,2120,1743,2793,2461,3191,2547,1641,972,314,632.6,615.1999999999999,648.7,8242,48.49,895,973,2056,2471,302,733,6059,56.92,9293,1051,5775,2467
48221,51182,47378,252,303,5234,25181,26001,2918,2908,3090,3029,2319,5130,5555,7560,7781,6390,3318,1184,1352.4,1322.7,1381.4,20795,73.22,2197,2804,4062,8253,529,1165,14913,86.42,24951,4156,16205,4590
48223,35161,28646,2483,175,5368,17421,17740,2434,2508,2453,2515,2031,4014,4397,5009,4352,3020,1745,683,1053.3,1020.5,1086.2,13308,70.62,1473,1748,3208,4199,352,997,9566,83.89,15029,1721,9434,3874
48225,23732,15896,6179,95,2364,12769,10963,1362,1274,1312,1536,1083,2696,3058,3703,3146,2457,1468,637,906.9,863.0,936.4,8656,51.17,1069,1436,1520,2724,219,799,5868,62.64,11532,2876,6314,2342
48227,35012,25928,2181,267,13255,19720,15292,2267,2185,2047,2542,2484,4676,4161,6092,3943,2444,1623,548,1058.5,1037.9,1069.3,11333,72.16,1457,1618,2254,3141,434,1154,7751,87.27,13124,1791,7670,3663
48229,3476,2738,48,16,2768,1750,1726,242,281,309,319,163,370,386,512,422,292,150,30,117.2,118.1,116.1,1174,8.13,180,99,343,325,27,119,867,9.96,1527,353,905,269
48231,86129,70248,7133,916,11751,42700,43429,5713,5964,6104,6267,5973,10138,10844,12776,10349,7080,3597,1324,2297.4,2242.1,2352.6,32076,160.86,3662,4042,7364,9705,940,2541,22617,191.46,36704,4628,22263,9813
48233,22150,18944,558,91,4386,11077,11073,1601,1618,1614,1543,1186,2740,2564,3181,2837,1667,1216,383,835.0,820.1999999999999,848.5,8812,54.93,1201,1141,2009,2786,270,658,6128,66.28,10629,1817,6774,2038
48235,1599,1464,11,3,407,807,792,68,89,123,134,63,133,187,297,214,168,97,26,88.69999999999999,86.4,90.3,653,4.9,83,80,148,239,22,35,470,5.88,856,203,505,148
48237,9044,7913,340,31,1283,5030,4014,485,521,622,599,629,1143,1232,1395,1068,784,443,123,233.8,225.6,245.8,3136,15.2,396,409,753,1038,80,185,2213,18.34,4095,959,2398,738
48239,14075,11446,988,50,4079,6947,7128,1030,971,1001,959,732,1640,1568,2049,1812,1237,783,293,438.7,426.5,452.3,5284,28.92,575,724,1230,1713,141,384,3787,34.19,6590,1306,3904,1380
48241,35710,27738,5959,200,2017,17543,18167,2439,2514,2381,2406,1836,4055,4203,5218,4726,3377,1939,616,1079.2,1045.3,1114.2,13770,68.3,1532,1892,3002,4412,370,1264,9886,81.73,16798,3028,10819,2951
48243,2342,2113,23,7,790,1187,1155,89,107,122,187,67,154,198,373,502,345,147,51,102.5,102.4,102.6,1034,4.4,155,157,152,441,16,39,684,5.41,1613,579,792,242
48245,252273,131574,85291,8630,42899,128946,123327,17162,16195,16392,18380,19123,35766,31521,37127,28605,16066,11547,4389,7605.3,7310.6,7878.1,93441,527.5,12452,14263,18170,22727,2691,10574,61812,643.58,104424,10983,59066,34375
48247,5300,4658,22,15,4907,2616,2684,460,412,425,356,327,629,619,638,645,454,258,77,143.7,138.1,149.4,1902,11.1,220,263,479,471,75,194,1380,13.33,2441,539,1387,515
48249,40838,35620,237,151,32254,20107,20731,3345,3053,3369,3238,2588,4887,4867,5482,4677,2920,1810,602,1095.8,1044.7,1150.1,13961,89.45,1437,1512,3496,3649,608,1637,10482,104.09,16147,2186,10171,3790
48251,150934,131622,3979,982,27319,75519,75415,10780,11541,11796,11099,8829,18974,20670,22567,17347,10516,5226,1589,3554.8,3459.7,3652.7,52193,275.03000000000003,4551,5171,14974,16328,1824,4052,40247,312.94,56719,4526,39698,12495
48253,20202,14375,2344,79,5009,12383,7819,949,1009,1088,1139,1464,3192,3107,3170,2320,1550,865,349,664.5,642.1,697.8,6034,41.71,731,803,1285,2043,164,417,4236,49.41,7422,1388,4771,1263
48255,14824,10408,1377,32,7376,8842,5982,834,800,823,878,1160,2456,2002,2150,1653,1019,774,275,468.6,453.2,506.5,4463,30.94,574,637,890,1335,152,412,3109,37.519999999999996,5650,1187,3191,1272
48257,103350,81776,10730,903,17548,50811,52539,7754,8388,8604,7649,5451,13299,14956,15203,11424,6423,3122,1077,2201.3,2133.3,2259.3,34964,169.27,2722,3386,10920,10369,1163,2933,27450,192.74,38322,3358,27426,7538
48259,33410,30299,167,209,6829,16299,17111,1764,2192,2594,2351,1431,2813,3974,5594,5113,3181,1650,753,919.9,892.7,945.0,12617,54.73,1102,1642,3241,4736,250,641,9441,63.86,14055,1438,9529,3088
48261,416,364,5,1,319,212,204,27,21,31,30,34,43,46,65,60,28,24,7,41.0,40.0,42.1,147,2.83,21,16,37,39,9,7,104,3.36,233,86,52,95
48263,808,753,8,0,120,392,416,38,57,59,47,22,61,84,121,111,86,90,32,48.4,46.1,50.9,350,2.16,65,65,58,106,7,24,209,2.82,552,202,254,96
48265,49625,43505,884,373,11895,24068,25557,2587,2760,2825,3199,2572,4524,4894,6807,7143,6215,4288,1811,1549.2,1497.7,1593.5,20550,76.89,2401,3579,3404,7323,402,1336,13549,94.66,23831,3281,14958,5592
48267,4607,4216,18,19,1077,2281,2326,235,238,294,256,158,418,479,664,814,597,340,114,228.79999999999998,220.89999999999998,234.9,2016,11.55,294,340,327,725,41,109,1307,14.36,3371,1355,1504,512
48269,286,268,0,0,39,141,145,11,18,26,24,8,23,43,60,35,20,17,1,43.1,43.4,43.0,113,2.53,9,14,30,49,2,5,88,2.89,186,73,45,68
48271,3598,3187,53,10,2004,1955,1643,190,163,222,230,205,351,425,451,487,456,343,75,128.6,119.7,137.9,1350,7.67,179,203,270,520,22,55,927,9.47,1940,590,1053,297
48273,32061,25618,1201,751,22495,16337,15724,2479,2249,2032,3053,4049,4355,3443,3595,3125,2093,1145,443,696.8,671.2,724.8,11097,59.71,1371,1262,2335,2595,445,1254,7462,71.11,12787,1690,6292,4805
48275,3719,2842,214,7,1101,1835,1884,278,260,255,238,152,409,404,508,425,375,298,117,168.3,167.4,169.1,1506,9.65,222,239,301,474,40,116,996,11.98,2044,538,1111,395
48277,49793,39489,6703,311,3223,24044,25749,3187,3261,3490,3643,3065,5505,6276,6954,6136,4655,2560,1061,1494.5,1432.9,1546.9,19829,93.74,2321,3086,3943,5871,561,1929,13619,114.56,22481,2652,13194,6635
48279,13977,10403,598,20,7231,6964,7013,1139,1117,1119,1079,764,1578,1556,1901,1497,1130,812,285,449.4,428.8,469.0,5081,32.56,568,654,1259,1505,191,446,3699,38.49,6128,1047,3676,1405
48281,19677,16792,632,201,3443,9705,9972,1229,1273,1437,1431,958,2032,2547,3089,2580,1804,942,355,618.2,597.5,635.9,7539,38.39,780,955,1792,2593,206,525,5475,45.56,8718,1179,5625,1914
48283,6886,6176,34,7,5920,4089,2797,412,390,402,499,1021,1105,780,728,692,509,278,70,162.4,156.7,191.0,1931,13.84,265,248,413,500,76,204,1354,16.69,2746,815,1403,528
48285,19263,16563,1301,56,3077,9416,9847,1227,1226,1232,1166,815,1834,2071,2786,2817,2030,1369,690,801.5,768.4,831.9,7808,43.32,953,1220,1596,2787,166,478,5408,53.07,10344,2536,6087,1721
48287,16612,13101,1807,55,3724,8410,8202,1079,1117,1215,1413,842,1776,1940,2557,2051,1441,847,334,525.3,510.4,538.5,6151,34.07,704,767,1504,2029,192,394,4445,40.19,7499,1348,4810,1341
48289,16801,14258,1202,81,2260,8385,8416,1023,992,1051,1060,748,1627,1720,2544,2421,2139,1132,344,597.7,590.7,604.0,6896,31.32,895,884,1350,2539,174,395,4881,37.37,9509,2613,5603,1293
48291,75643,58363,8202,348,13602,37190,38453,5189,5171,5502,5633,4937,10112,10259,11368,8974,5023,2644,831,1905.4,1861.9,1953.4,25073,141.74,2610,2854,6624,7221,887,2115,18522,165.29,28759,3686,19341,5732
48293,23384,16139,4103,90,4465,12122,11262,1530,1468,1524,1619,1507,2943,2728,3296,2998,2122,1210,439,702.1,666.1,744.2,8499,46.82,1042,1197,1761,2551,251,787,5900,56.45,10536,2037,6231,2268
48295,3302,2845,25,10,1007,1662,1640,255,232,269,227,194,410,359,479,393,247,164,73,78.6,77.4,79.6,1263,5.09,182,155,337,388,37,77,887,6.1,1512,249,916,347
48297,11531,10107,502,57,4060,6195,5336,574,626,674,725,577,1374,1400,1773,1591,1250,737,230,436.7,435.4,446.8,4257,24.58,581,565,824,1499,144,261,2952,29.439999999999998,6065,1808,3383,874
48299,19301,18319,112,77,1542,9329,9972,826,857,886,797,600,1429,1617,2640,3647,3348,1973,681,971.2,952.5,987.3,9008,38.24,1234,1600,1061,3776,181,376,5755,47.05,14280,5272,7067,1941
48301,82,65,0,0,18,46,36,3,2,2,3,10,4,9,14,23,8,4,0,51.7,54.2,46.7,39,2.1,10,2,3,15,2,3,26,2.58,50,11,25,14
48303,278831,215519,20952,5753,88924,137786,141045,20168,19264,17964,23507,34117,40625,30759,34467,27338,16331,10244,4047,6779.8,6498.1,7054.5,105781,514.04,13267,15817,21244,25169,3074,9909,66127,619.53,115064,9283,61598,44183
48305,5915,4748,127,8,2743,2947,2968,438,456,467,425,264,640,677,910,705,518,323,92,155.1,153.1,157.8,2246,10.459999999999999,283,272,543,714,79,164,1639,12.5,2676,430,1645,601
48307,8283,6947,160,29,2476,4057,4226,536,545,603,513,369,803,922,1136,1211,860,570,215,436.0,422.5,446.1,3338,24.54,422,527,644,1116,112,241,2272,29.77,4302,964,2445,893
48309,234906,164037,34767,3220,55471,114169,120737,16642,16483,16275,20604,23223,30379,26815,30205,25021,15188,9884,4187,5768.6,5536.7,5996.1,86892,440.0,10059,12704,18338,22224,2567,8796,57663,525.16,95124,8232,52244,34648
48311,707,643,8,3,261,367,340,28,32,42,35,33,65,71,117,97,113,66,8,49.7,50.6,48.5,310,2.28,52,35,48,126,4,12,209,2.75,485,175,254,56
48313,13664,9149,2719,79,2688,7873,5791,820,805,846,908,1190,2356,1811,1558,1469,1075,569,257,425.7,408.8,439.8,4187,28.8,460,572,983,1236,128,387,3007,34.47,5096,909,3140,1047
48315,10546,7752,2325,50,328,5171,5375,548,495,595,599,456,931,1122,1731,1799,1351,695,224,478.7,471.5,486.6,4595,22.59,707,733,660,1497,109,337,2944,28.19,6218,1623,3637,958
48317,4799,4067,78,12,2086,2411,2388,392,389,408,400,288,538,611,670,512,335,186,70,138.5,134.8,142.5,1649,11.51,178,172,503,469,52,152,1262,13.35,1852,203,1201,448
48319,4012,3731,18,7,864,1978,2034,200,222,278,230,125,319,406,578,675,565,307,107,242.39999999999998,236.5,248.6,1754,11.48,232,281,284,687,47,104,1189,14.11,2733,979,1380,374
48321,36702,26137,4200,719,14074,18363,18339,2577,2613,2729,2747,2192,4215,4075,5607,4698,2974,1656,619,1378.6,1340.9,1417.4,13894,91.92,1866,1804,3073,3985,452,1295,9675,111.23,18801,4907,9248,4646
48323,54258,49617,135,177,51914,26451,27807,4762,5046,5218,5143,3701,6463,6907,6139,5152,3226,1957,544,931.6,860.3,995.7,15563,97.03,1069,1346,5845,3468,442,1988,12912,109.69,17462,1899,10830,4733
48325,46006,39369,1012,296,22871,23656,22350,2971,3277,3502,3450,2897,5081,5769,7052,5797,3518,1977,715,1018.2,996.9,1044.4,15530,72.84,1489,1611,3961,5045,515,1326,11802,84.17,17991,2461,12244,3286
48327,2242,1847,13,3,790,1133,1109,128,108,128,117,86,192,190,340,351,321,204,77,150.3,149.2,151.3,994,6.619999999999999,149,172,143,373,26,65,643,8.34,1702,708,740,254
48329,136872,105302,9087,1715,51600,67242,69630,11001,10317,10010,10358,9553,19696,16263,19734,14826,7672,5499,1943,3345.4,3227.3,3461.9,50845,259.11,5932,6653,12944,13941,1575,4603,35872,306.93,54351,3506,34992,15853
48331,24757,19347,2473,96,5780,12225,12532,1698,1806,1797,1869,1155,2560,2800,3506,3261,2263,1441,601,805.6,777.6,831.0,9408,51.89,1121,1372,2003,2878,290,818,6577,62.45,11305,1897,6748,2660
48333,4936,4440,26,11,818,2445,2491,298,287,370,345,175,418,523,652,710,616,373,169,274.3,267.9,280.2,1975,14.6,239,289,395,739,47,125,1397,17.41,2846,871,1556,419
48335,9403,6433,1060,28,3481,5746,3657,490,482,513,586,883,1698,1291,1192,1035,650,429,154,275.59999999999997,268.8,252.3,2809,14.92,342,451,587,844,96,208,1920,18.21,4064,1255,2044,765
48337,19719,18384,53,62,1930,9665,10054,1234,1283,1259,1183,989,1976,2331,2847,2737,2170,1241,469,889.9,866.6,912.7,7989,51.4,977,1176,1647,2763,244,460,5548,61.99,10131,2142,6246,1743
48339,455746,380593,19401,9546,94698,225911,229835,33224,35620,35852,32561,24927,59055,65708,68698,52697,29169,13699,4536,6946.2,6802.2,7083.8,162530,527.59,15186,18271,47911,48816,4655,11858,121472,601.08,177647,15117,120007,42523
48341,21904,15886,336,1337,11542,11317,10587,2028,1970,1864,1796,1492,3081,2794,2740,2032,1119,750,238,468.8,454.5,485.3,7197,44.88,713,676,2265,1937,306,645,5473,51.78,7881,684,4732,2465
48343,12934,9014,2976,45,1003,6239,6695,836,755,879,880,636,1413,1427,1865,1737,1353,846,307,584.5,559.1,606.5,5226,34.32,626,813,965,1608,149,505,3613,41.59,6024,798,3954,1272
48345,1210,1115,24,0,163,613,597,63,76,79,68,46,106,100,163,181,184,114,30,97.7,94.9,100.3,542,4.46,86,89,95,193,12,29,355,5.54,779,237,424,118
48347,64524,44249,11731,797,11356,30800,33724,4434,4213,4040,6633,8725,7962,6616,7551,6728,4131,2488,1003,1313.9,1270.4,1360.8,23861,96.65,3067,3791,4675,6060,563,2242,15026,119.37,27406,3545,13966,9895
48349,47735,33142,6606,253,11345,23657,24078,3480,3513,3717,3597,2875,5464,5898,6617,5711,3856,2126,881,1326.7,1275.7,1376.1,17380,95.36,1838,2304,4086,5081,598,1624,12511,112.58,20234,2854,12213,5167
48351,14445,11105,2901,62,403,7445,7000,840,890,980,1084,813,1591,1827,2129,1949,1393,748,201,585.5,574.2,601.9,5476,35.0,743,694,1110,1734,167,481,3849,42.03,7142,1666,4586,890
48353,15216,12728,715,67,5103,7561,7655,1128,1123,1056,1100,858,1658,1788,2006,1980,1361,825,333,664.5,634.1,693.5,5999,42.21,814,916,1161,1714,217,582,4021,51.72,7152,1153,4104,1895
48355,340223,277402,13637,5731,206293,167038,173185,24076,24637,24668,24892,25061,46200,41512,48532,39732,22009,13668,5236,8670.6,8363.3,8975.5,124587,659.99,15252,16026,26341,30354,4600,13787,85270,785.86,141033,16446,75646,48941
48357,10223,8747,39,28,4982,5237,4986,953,967,841,748,628,1440,1279,1342,969,562,385,109,298.2,287.4,309.3,3617,25.18,395,393,1134,994,148,283,2699,29.11,4062,445,2667,950
48359,2052,1850,62,17,243,1035,1017,100,159,249,250,58,221,220,288,252,149,81,25,69.6,57.3,76.3,691,5.13,56,93,175,264,11,38,516,5.93,841,150,474,217
48361,81837,70478,6979,804,4766,40708,41129,5367,5562,5785,6017,4816,9769,10451,12522,10075,6427,3823,1223,2513.9,2426.0,2600.8,31031,168.47,3484,3666,7140,9440,1087,2757,22547,197.69,35313,4282,23808,7223
48363,28111,24497,621,134,4985,13811,14300,1921,1874,2028,1904,1533,3075,3273,4223,3698,2701,1424,457,947.7,917.2,977.5,10871,61.62,1266,1498,2293,3481,375,843,7602,74.17,15214,4343,7664,3207
48365,23796,18267,3867,73,1970,11808,11988,1539,1725,1590,1695,1351,2927,2697,3386,3181,2093,1183,429,820.3,785.4,855.3,9271,53.22,1107,1248,2009,2973,299,748,6603,63.48,10920,1649,7112,2159
48367,116927,106862,1915,639,12410,59292,57635,7344,8189,8866,8776,6381,13049,16078,19135,14826,8764,4179,1340,2129.8,2074.4,2191.7,42069,148.76,3922,4352,11790,14282,1197,2647,32024,170.43,46628,4559,33351,8718
48369,10269,7969,119,25,6164,5259,5010,912,873,856,883,659,1302,1242,1343,975,668,403,153,290.7,284.4,298.3,3413,27.09,313,346,1157,972,125,222,2653,30.89,3799,386,2328,1085
48371,15507,12307,572,79,10430,8742,6765,1177,1033,961,1027,1008,2199,2206,2355,1720,1055,596,170,497.1,497.5,495.7,4894,38.62,612,506,1262,1413,187,454,3615,45.49,5585,691,3569,1325
48373,45413,35082,5211,188,5959,24288,21125,2612,2573,2752,2753,2435,5179,5646,6625,6192,5154,2732,760,1351.4,1316.6,1384.2,16503,77.6,2105,2228,3078,5490,491,1293,11405,93.35,22683,6180,13101,3402
48375,121073,84523,12365,4822,42692,61919,59154,10326,9598,8663,8413,8786,18031,15451,16516,12147,6795,4387,1960,3212.6,3108.0,3294.9,42933,259.81,5640,6291,9390,9363,1682,5148,28497,314.09,47271,4338,24903,18030
48377,7818,6715,47,76,6521,3818,4000,570,584,681,649,371,735,957,935,947,735,484,170,239.7,231.9,244.89999999999998,2906,15.52,368,424,735,738,66,287,1996,19.33,3825,919,1948,958
48379,10914,9953,256,55,839,5485,5429,574,578,759,708,467,1001,1266,1639,1699,1415,644,164,224.9,217.9,230.7,4377,12.4,511,509,811,1686,125,294,3157,14.559999999999999,5269,892,3480,897
48381,120725,107305,2867,1684,19775,58737,61988,8219,8412,8492,8949,9104,16684,14757,16907,14122,8300,5192,1587,3559.2,3440.2,3682.5,47975,236.71,5375,7105,11436,14542,1209,3354,32830,283.86,51587,3612,33900,14075
48383,3367,2596,70,6,2051,1748,1619,277,274,296,254,195,450,415,492,365,197,122,30,136.4,134.2,139.1,1156,11.52,149,90,355,343,50,68,885,13.35,1372,216,860,296
48385,3309,2996,22,2,814,1638,1671,162,147,181,244,103,242,315,480,582,526,255,72,144.3,142.5,147.8,1374,7.21,164,197,222,576,37,84,977,8.36,2599,1225,1045,329
48387,12860,9838,2233,23,849,6266,6594,724,713,800,811,605,1272,1484,1852,1887,1512,847,353,673.2,647.0,695.1,5469,34.84,753,901,919,1702,129,471,3615,43.23,6826,1357,4019,1450
48389,13783,10645,690,119,10233,8281,5502,914,840,820,925,1207,2121,2026,1962,1314,894,564,196,402.9,386.5,421.1,3839,30.36,457,499,949,987,147,407,2767,36.78,4640,801,2882,957
48391,7383,5943,483,33,3487,3669,3714,446,490,505,541,365,658,862,1086,990,808,453,179,338.6,329.8,346.0,2841,20.61,378,352,577,896,88,242,2016,24.67,3726,885,2080,761
48393,929,871,1,2,74,469,460,73,59,76,44,44,114,103,138,129,96,42,11,41.3,41.3,41.3,359,2.59,28,35,103,152,5,14,281,2.89,439,80,281,78
48395,16622,11247,3586,103,2990,8230,8392,1162,1088,1171,1232,866,1819,1928,2361,2225,1523,871,376,568.7,550.7,583.7,6541,35.0,872,908,1299,1913,209,649,4551,42.47,8484,1943,4756,1785
48397,78337,65514,4521,1897,12470,38516,39821,5752,6753,6996,5788,3220,9643,12355,12125,8165,4578,2181,781,1128.8,1093.8,1163.2,26448,87.65,1825,2415,9641,8175,696,1754,21337,98.05,27939,1491,21886,4562
48399,10501,8735,192,21,3361,5197,5304,700,706,787,690,502,1022,1173,1473,1404,1057,691,296,508.4,488.6,521.3,4165,29.77,511,624,845,1366,137,350,2914,35.96,5298,1133,3139,1026
48401,53330,38512,9435,214,7609,28075,25255,3434,3416,3360,3544,3437,7112,6872,8027,6641,4071,2425,991,1594.1,1552.4,1644.1,18476,106.46,2098,2452,4250,5773,589,1520,13333,127.15,21191,2715,14260,4216
48403,10834,9658,784,33,344,5301,5533,541,528,638,621,438,822,1008,1579,1758,1734,876,291,488.8,488.4,489.3,4738,23.02,675,661,680,1845,119,308,3235,27.97,7988,3250,4014,724
48405,8865,6375,2016,23,532,4360,4505,476,516,529,543,439,764,908,1327,1319,1117,654,273,368.7,354.3,381.9,3625,19.28,496,544,606,1202,102,272,2477,23.39,5342,1717,2865,760
48407,26384,21693,2710,123,2880,13205,13179,1602,1707,1868,1814,1290,2560,2955,4085,3931,2889,1352,331,668.8,658.6,678.0,10096,38.22,1289,1155,1997,3477,354,745,7195,45.25,13187,3091,8490,1606
48409,64804,55660,1071,537,35248,32163,32641,4759,5127,5113,5127,3798,7689,8004,9175,7651,4703,2781,877,1653.4,1602.2,1702.2,22637,127.77,2285,2477,5839,6375,906,2268,16939,148.35,26521,3884,15560,7077
48411,6131,5166,204,13,1715,3366,2765,354,318,362,396,466,830,613,749,866,609,384,184,201.70000000000002,190.1,227.4,2257,12.28,293,325,448,779,66,132,1563,14.7,3177,920,1714,543
48413,3461,2780,38,4,1536,1726,1735,344,323,275,242,187,410,395,413,432,260,149,31,101.0,97.9,104.1,1182,8.84,130,139,331,374,40,81,878,10.35,1489,307,835,347
48415,16921,13325,799,59,6149,9028,7893,1274,1151,1121,1221,1111,2253,2044,2394,1969,1225,864,294,520.1,496.4,544.8,5838,36.47,680,808,1371,1784,195,491,4137,43.82,6963,1125,4311,1527
48417,3378,3145,29,9,340,1632,1746,221,218,224,268,146,302,404,538,468,303,204,82,166.9,161.2,171.3,1367,9.81,171,216,300,449,44,82,937,12.09,1754,387,1043,324
48419,25448,17467,4432,81,4164,12591,12857,1921,1929,1765,1816,1541,2956,3114,3427,2991,2265,1288,435,759.6,740.1,776.6999999999999,9648,52.26,1193,1304,2227,2797,274,825,6771,63.03,11873,2225,7220,2428
48421,3034,2680,14,7,1227,1548,1486,216,263,245,276,127,315,435,444,308,200,141,64,73.4,71.6,75.1,1081,5.54,130,103,347,342,47,46,819,6.49,1252,171,793,288
48423,209714,147086,37629,2597,36088,101425,108289,14954,15133,14769,15954,15543,26946,25495,27411,23658,16014,9975,3862,4762.3,4571.7,4927.1,79055,343.69,8269,11706,18123,22866,1957,7124,54803,410.82,87309,8254,52569,26486
48425,8490,7220,57,53,1626,4182,4308,496,585,701,684,408,842,1078,1286,1152,704,383,171,200.0,193.9,204.5,3078,13.35,315,356,860,1051,88,187,2311,15.52,3674,596,2356,722
48427,60968,58585,69,133,58337,29440,31528,5513,5697,5939,5700,4424,7814,7954,6537,5105,3628,1965,692,1101.7,1043.2,1159.8,17001,130.69,976,1342,6633,3724,466,2315,14480,144.16,19526,2525,13258,3743
48429,9630,8161,201,32,2011,4975,4655,630,632,631,647,601,1137,1053,1312,1239,929,561,258,393.4,376.0,424.9,3665,24.77,468,571,769,1171,111,268,2519,30.34,4938,1273,2699,966
48431,1143,1013,14,0,365,576,567,88,76,69,69,64,140,116,184,150,85,75,27,41.7,40.4,42.8,440,2.52,47,59,105,168,13,23,328,2.97,615,175,343,97
48433,1490,1306,39,14,209,717,773,82,109,85,87,55,143,158,216,202,164,134,55,89.0,88.3,90.0,642,4.5600000000000005,90,110,118,222,9,43,426,5.78,928,286,498,144
48435,4128,3662,17,8,2459,2029,2099,309,302,315,321,187,451,517,609,544,311,212,50,154.9,155.60000000000002,154.1,1550,10.58,190,192,430,444,52,108,1118,12.73,2031,481,1118,432
48437,7854,5901,566,10,3149,4136,3718,614,578,541,518,517,1016,845,1017,866,659,500,183,302.6,292.5,323.5,2762,20.79,321,368,635,896,99,223,1995,24.76,3221,459,1934,828
48439,1809034,1205530,268983,84561,482977,887235,921799,142899,144307,138666,130863,123177,266550,263562,257941,179684,91805,50113,19467,41290.5,40159.7,42328.7,657134,3255.36,75854,87705,173950,155787,20629,63725,455033,3848.8,714803,57669,408824,248310
48441,131506,104409,9699,2073,29074,64028,67478,9854,8876,8382,10216,13517,18143,14420,17095,13649,8916,6052,2386,4045.5,3889.5,4196.0,50725,286.14,6282,7596,10723,13887,1398,4611,33446,344.95,55750,5025,30984,19741
48443,984,828,7,4,467,509,475,65,61,49,63,35,101,123,130,152,111,71,23,44.6,43.7,45.6,430,2.29,89,71,83,126,11,14,253,3.03,700,270,306,124
48445,12651,10283,605,30,6211,6717,5934,1003,884,901,843,1009,1672,1427,1756,1329,990,629,208,465.9,450.7,491.1,4200,35.62,438,551,1026,1250,147,390,3074,42.24,4828,628,2906,1294
48447,1641,1555,11,7,152,807,834,93,83,108,113,62,153,164,246,216,218,129,56,92.19999999999999,89.2,95.7,721,4.52,100,129,123,268,22,35,475,5.65,1079,358,538,183
48449,32334,21848,3091,237,12799,15976,16358,2942,2684,2664,2575,2181,4132,4199,3945,3281,2071,1180,480,719.7,699.0,744.1,10813,65.71,1068,1266,3162,2904,372,1076,8154,77.23,12054,1241,7483,3330
48451,110224,90069,4445,1118,39315,53976,56248,7726,7278,6865,8750,10583,14769,12087,14406,12495,7898,5326,2041,3514.0,3362.4,3659.0,42331,241.2,5287,6628,8463,11504,1269,3804,27728,294.22,46571,4240,27561,14770
48453,1024266,709814,87308,59333,342766,516637,507629,75774,70686,62789,68209,97694,192573,154525,132397,94860,42816,22536,9407,19854.6,19591.6,20144.4,404467,1436.83,61755,62807,85991,80894,10168,30227,229929,1786.48,441240,36773,210015,194452
48455,14585,12302,1378,42,1117,7100,7485,817,789,904,856,648,1330,1516,2139,2314,1897,1104,271,649.9,637.8,661.5,6142,33.2,839,922,958,2066,160,458,4061,40.7,8713,2571,4844,1298
48457,21766,17930,2390,51,1487,11731,10035,1139,1147,1267,1311,1316,2895,2625,3029,2908,2368,1355,406,709.9,692.5,741.4,8007,38.54,976,1192,1541,2878,195,532,5582,46.42,10579,2572,6622,1385
48459,39309,33466,3416,150,2613,19462,19847,2533,2672,2769,2745,2031,4409,4657,6051,5251,3584,1951,656,1094.2,1049.6,1136.4,14925,69.94,1616,1876,3459,4937,427,1140,10868,82.37,16613,1688,11783,3142
48461,3355,2516,63,0,1644,1675,1680,249,275,239,241,167,460,344,489,398,262,168,63,109.1,107.69999999999999,109.9,1256,7.92,163,156,311,393,45,103,903,9.47,1548,292,983,273
48463,26405,20631,170,134,18299,12909,13496,2035,2139,2176,2219,1642,2908,3097,3287,3006,2035,1297,564,657.3,635.4,677.0,9025,51.04,952,1003,2286,2515,330,1011,6742,59.25,10811,1786,6333,2692
48465,48879,41534,746,238,39199,24519,24360,4079,4063,4060,3806,3639,6399,6285,5665,4831,3391,1963,698,1157.6,1107.6,1202.3,15654,103.1,1601,1567,4640,4008,440,1811,11963,119.3,18651,2997,10252,5402
48467,52579,47784,1427,171,4847,25863,26716,3146,3433,3731,3660,2518,5402,6276,7736,7230,5450,2968,1029,1546.1,1494.7,1593.2,20047,95.8,2055,2667,4633,6924,576,1270,14605,112.75,22817,2770,15677,4370
48469,86793,69013,5513,899,38113,42349,44444,6528,6423,6384,6129,5453,11079,10223,12450,10460,6231,3930,1503,2366.9,2282.3,2441.3,32187,170.94,3605,4265,7043,9241,1111,3318,22680,203.13,35417,3230,21144,11043
48471,67861,45511,15257,631,11389,40007,27854,3241,2984,3006,5564,10031,9586,9266,10004,7199,4103,2130,747,1356.3,1324.9,1312.6,20969,93.03999999999999,2713,3144,3566,5151,492,1771,12354,111.84,24058,3089,11720,9249
48473,43205,25254,10739,214,12536,21395,21810,3140,2885,2801,4838,4693,4683,5018,5894,4857,2681,1280,435,658.9,645.2,676.3,14040,50.31,1463,1499,3541,3965,424,1243,10116,59.1,15839,1799,9713,4327
48475,10658,8227,522,32,5074,5151,5507,813,816,790,762,630,1303,1209,1514,1246,809,572,194,376.0,369.5,382.6,3995,26.36,469,547,940,1142,132,362,2845,31.52,4694,699,3057,938
48477,33718,25008,5947,445,4641,16580,17138,2019,2038,2063,2849,2047,3457,3666,4813,4567,3122,2066,1011,996.4,958.6999999999999,1034.6,13037,58.58,1519,2078,2528,4262,294,997,8878,71.69,15514,2477,9358,3679
48479,250304,220201,1132,1464,239653,121488,128816,24424,25244,24029,23386,18350,35156,34332,27235,18641,10969,6242,2296,4095.1,3835.8,4343.9,67106,512.61,4334,4655,25981,12308,2415,10005,56350,564.51,73496,6390,43286,23820
48481,41280,29793,5817,160,15445,20291,20989,3006,3154,3016,3004,2468,5020,4755,5871,4967,3125,2036,858,1308.2,1255.1,1360.4,15132,94.88,1632,2086,3576,4233,453,1481,10820,113.17,17127,1995,10303,4829
48483,5410,4469,113,23,1344,2661,2749,392,369,382,364,248,608,608,745,699,560,336,99,211.5,205.6,217.5,2181,12.08,258,327,488,744,69,133,1525,14.68,2730,549,1670,511
48485,131500,101331,13811,2669,21859,67438,64062,8955,8418,8245,10520,12823,18429,15113,17929,13891,8802,6095,2280,3831.2,3684.7,3962.2,49016,258.68,6434,7928,9827,12744,1497,4647,31663,317.19,55566,6550,30219,18797
48487,13535,10585,1086,98,3508,6736,6799,965,962,884,1055,885,1597,1477,1933,1669,1087,692,329,458.0,442.5,471.1,5289,29.54,733,848,1035,1487,178,503,3498,36.62,6318,1029,3345,1944
48489,22134,18995,473,140,19297,12030,10104,1569,1648,1618,1877,1950,3341,2809,2593,2142,1391,929,267,499.1,463.2,529.6,5764,49.09,455,580,1731,1413,213,687,4607,55.88,7040,1276,4399,1365
48491,422679,330191,26196,20433,98034,208032,214647,33531,35550,33793,28311,22067,63547,70210,58066,39923,22723,10976,3982,8771.9,8597.3,8946.5,152606,676.02,14418,17897,47113,41310,4241,11928,111514,776.36,162773,10167,105784,46822
48493,42918,38231,701,163,16412,21372,21546,2641,3138,3457,3185,1973,4320,5917,7116,5759,3094,1655,663,1171.5,1155.4,1186.8,15009,81.58,1298,1317,4394,5237,457,963,11865,92.03,16766,1757,12566,2443
48495,7110,5238,156,17,3824,3550,3560,633,555,554,550,405,887,829,1066,791,462,297,81,314.7,303.3,324.0,2578,24.419999999999998,266,332,721,699,96,245,1904,28.78,3027,449,2094,484
48497,59127,52448,627,244,10112,29803,29324,3979,4192,4511,4267,3367,6843,7951,9567,7171,4530,2112,637,1350.3,1316.7,1382.3,21015,96.83,2061,2009,5992,7098,616,1295,16095,110.72,23781,2766,16641,4374
48499,41964,37213,1972,161,3551,20622,21342,2197,2332,2499,2492,2072,3727,4307,5725,6465,6046,3082,1020,1287.4,1240.2,1334.0,17118,67.5,1885,2437,3102,6847,394,902,12149,80.64,20861,3743,13748,3370
48501,7879,5868,70,31,4622,3899,3980,731,700,667,608,460,997,930,1092,799,483,311,101,195.4,193.89999999999998,196.7,2643,17.8,234,247,917,827,77,190,2120,20.18,2978,335,2016,627
48503,18550,16748,232,65,3045,9148,9402,1204,1274,1253,1159,978,1978,2105,2772,2405,1688,1235,499,689.1,659.1,715.9,7343,42.8,775,1081,1582,2477,219,544,5223,50.95,8622,1279,5382,1961
48505,14018,13122,19,32,13084,7044,6974,1463,1300,1268,1265,1071,1851,1655,1444,1241,852,454,154,274.3,259.4,289.1,4297,28.57,430,346,1528,966,160,511,3423,32.71,6203,1906,3377,920
48507,11677,10301,89,4,10961,5760,5917,1049,998,953,1072,899,1395,1326,1322,1255,758,486,164,280.9,267.7,303.6,3573,28.01,335,373,931,738,143,569,2764,32.49,4283,710,2535,1038
